trajectory,step,input_snapshot,pre_state,target_state,hard_reasons,full_poisson_iterations,full_poisson_converged,full_poisson_relative_error,gate_pass
h15_p50_closed_loop_hard_replay,1,/home/jzh/PINN/LBM/PINN_Poisson/data/multistep_closed_loop/h15_p50_hard_pre_capture_v2/safe_closed_loop/pairs/pre_poisson/3D000000001.bin,/home/jzh/PINN/LBM/PINN_Poisson/data/h15_p50_hard_pre_capture_v2/states/pre_poisson/3D000000001.bin,/home/jzh/PINN/LBM/PINN_Poisson/data/h15_p50_hard_replay_v2/targets/3D000000001.bin,fallback;negative_direct;negative_future20,5000,0,0.00264847,0
h15_p50_closed_loop_hard_replay,2,/home/jzh/PINN/LBM/PINN_Poisson/data/multistep_closed_loop/h15_p50_hard_pre_capture_v2/safe_closed_loop/pairs/pre_poisson/3D000000002.bin,/home/jzh/PINN/LBM/PINN_Poisson/data/h15_p50_hard_pre_capture_v2/states/pre_poisson/3D000000002.bin,/home/jzh/PINN/LBM/PINN_Poisson/data/h15_p50_hard_replay_v2/targets/3D000000002.bin,fallback;negative_direct;negative_future20,5000,0,0.00407482,0
h15_p50_closed_loop_hard_replay,3,/home/jzh/PINN/LBM/PINN_Poisson/data/multistep_closed_loop/h15_p50_hard_pre_capture_v2/safe_closed_loop/pairs/pre_poisson/3D000000003.bin,/home/jzh/PINN/LBM/PINN_Poisson/data/h15_p50_hard_pre_capture_v2/states/pre_poisson/3D000000003.bin,/home/jzh/PINN/LBM/PINN_Poisson/data/h15_p50_hard_replay_v2/targets/3D000000003.bin,fallback;negative_direct;negative_future20,5000,0,0.0105763,0
h15_p50_closed_loop_hard_replay,4,/home/jzh/PINN/LBM/PINN_Poisson/data/multistep_closed_loop/h15_p50_hard_pre_capture_v2/safe_closed_loop/pairs/pre_poisson/3D000000004.bin,/home/jzh/PINN/LBM/PINN_Poisson/data/h15_p50_hard_pre_capture_v2/states/pre_poisson/3D000000004.bin,/home/jzh/PINN/LBM/PINN_Poisson/data/h15_p50_hard_replay_v2/targets/3D000000004.bin,fallback;negative_direct,5000,0,0.0091105,0
h15_p50_closed_loop_hard_replay,5,/home/jzh/PINN/LBM/PINN_Poisson/data/multistep_closed_loop/h15_p50_hard_pre_capture_v2/safe_closed_loop/pairs/pre_poisson/3D000000005.bin,/home/jzh/PINN/LBM/PINN_Poisson/data/h15_p50_hard_pre_capture_v2/states/pre_poisson/3D000000005.bin,/home/jzh/PINN/LBM/PINN_Poisson/data/h15_p50_hard_replay_v2/targets/3D000000005.bin,fallback;negative_direct,5000,0,0.00800875,0
h15_p50_closed_loop_hard_replay,6,/home/jzh/PINN/LBM/PINN_Poisson/data/multistep_closed_loop/h15_p50_hard_pre_capture_v2/safe_closed_loop/pairs/pre_poisson/3D000000006.bin,/home/jzh/PINN/LBM/PINN_Poisson/data/h15_p50_hard_pre_capture_v2/states/pre_poisson/3D000000006.bin,/home/jzh/PINN/LBM/PINN_Poisson/data/h15_p50_hard_replay_v2/targets/3D000000006.bin,fallback;negative_direct,5000,0,0.00591037,0
h15_p50_closed_loop_hard_replay,7,/home/jzh/PINN/LBM/PINN_Poisson/data/multistep_closed_loop/h15_p50_hard_pre_capture_v2/safe_closed_loop/pairs/pre_poisson/3D000000007.bin,/home/jzh/PINN/LBM/PINN_Poisson/data/h15_p50_hard_pre_capture_v2/states/pre_poisson/3D000000007.bin,/home/jzh/PINN/LBM/PINN_Poisson/data/h15_p50_hard_replay_v2/targets/3D000000007.bin,fallback;negative_direct,5000,0,0.00399238,0
h15_p50_closed_loop_hard_replay,8,/home/jzh/PINN/LBM/PINN_Poisson/data/multistep_closed_loop/h15_p50_hard_pre_capture_v2/safe_closed_loop/pairs/pre_poisson/3D000000008.bin,/home/jzh/PINN/LBM/PINN_Poisson/data/h15_p50_hard_pre_capture_v2/states/pre_poisson/3D000000008.bin,/home/jzh/PINN/LBM/PINN_Poisson/data/h15_p50_hard_replay_v2/targets/3D000000008.bin,fallback;negative_direct,5000,0,0.00239454,0
h15_p50_closed_loop_hard_replay,9,/home/jzh/PINN/LBM/PINN_Poisson/data/multistep_closed_loop/h15_p50_hard_pre_capture_v2/safe_closed_loop/pairs/pre_poisson/3D000000009.bin,/home/jzh/PINN/LBM/PINN_Poisson/data/h15_p50_hard_pre_capture_v2/states/pre_poisson/3D000000009.bin,/home/jzh/PINN/LBM/PINN_Poisson/data/h15_p50_hard_replay_v2/targets/3D000000009.bin,fallback;negative_direct,5000,0,0.00179995,0
h15_p50_closed_loop_hard_replay,10,/home/jzh/PINN/LBM/PINN_Poisson/data/multistep_closed_loop/h15_p50_hard_pre_capture_v2/safe_closed_loop/pairs/pre_poisson/3D000000010.bin,/home/jzh/PINN/LBM/PINN_Poisson/data/h15_p50_hard_pre_capture_v2/states/pre_poisson/3D000000010.bin,/home/jzh/PINN/LBM/PINN_Poisson/data/h15_p50_hard_replay_v2/targets/3D000000010.bin,fallback;negative_direct,5000,0,0.00260226,0
h15_p50_closed_loop_hard_replay,11,/home/jzh/PINN/LBM/PINN_Poisson/data/multistep_closed_loop/h15_p50_hard_pre_capture_v2/safe_closed_loop/pairs/pre_poisson/3D000000011.bin,/home/jzh/PINN/LBM/PINN_Poisson/data/h15_p50_hard_pre_capture_v2/states/pre_poisson/3D000000011.bin,/home/jzh/PINN/LBM/PINN_Poisson/data/h15_p50_hard_replay_v2/targets/3D000000011.bin,fallback;negative_direct,5000,0,0.00287355,0
h15_p50_closed_loop_hard_replay,12,/home/jzh/PINN/LBM/PINN_Poisson/data/multistep_closed_loop/h15_p50_hard_pre_capture_v2/safe_closed_loop/pairs/pre_poisson/3D000000012.bin,/home/jzh/PINN/LBM/PINN_Poisson/data/h15_p50_hard_pre_capture_v2/states/pre_poisson/3D000000012.bin,/home/jzh/PINN/LBM/PINN_Poisson/data/h15_p50_hard_replay_v2/targets/3D000000012.bin,fallback;negative_direct,5000,0,0.0033598,0
h15_p50_closed_loop_hard_replay,13,/home/jzh/PINN/LBM/PINN_Poisson/data/multistep_closed_loop/h15_p50_hard_pre_capture_v2/safe_closed_loop/pairs/pre_poisson/3D000000013.bin,/home/jzh/PINN/LBM/PINN_Poisson/data/h15_p50_hard_pre_capture_v2/states/pre_poisson/3D000000013.bin,/home/jzh/PINN/LBM/PINN_Poisson/data/h15_p50_hard_replay_v2/targets/3D000000013.bin,fallback;negative_direct,5000,0,0.0022537,0
h15_p50_closed_loop_hard_replay,14,/home/jzh/PINN/LBM/PINN_Poisson/data/multistep_closed_loop/h15_p50_hard_pre_capture_v2/safe_closed_loop/pairs/pre_poisson/3D000000014.bin,/home/jzh/PINN/LBM/PINN_Poisson/data/h15_p50_hard_pre_capture_v2/states/pre_poisson/3D000000014.bin,/home/jzh/PINN/LBM/PINN_Poisson/data/h15_p50_hard_replay_v2/targets/3D000000014.bin,fallback;negative_direct,5000,0,0.00144839,0
h15_p50_closed_loop_hard_replay,15,/home/jzh/PINN/LBM/PINN_Poisson/data/multistep_closed_loop/h15_p50_hard_pre_capture_v2/safe_closed_loop/pairs/pre_poisson/3D000000015.bin,/home/jzh/PINN/LBM/PINN_Poisson/data/h15_p50_hard_pre_capture_v2/states/pre_poisson/3D000000015.bin,/home/jzh/PINN/LBM/PINN_Poisson/data/h15_p50_hard_replay_v2/targets/3D000000015.bin,pressure_peak;false_accept,1800,1,0.000968771,1
h15_p50_closed_loop_hard_replay,16,/home/jzh/PINN/LBM/PINN_Poisson/data/multistep_closed_loop/h15_p50_hard_pre_capture_v2/safe_closed_loop/pairs/pre_poisson/3D000000016.bin,/home/jzh/PINN/LBM/PINN_Poisson/data/h15_p50_hard_pre_capture_v2/states/pre_poisson/3D000000016.bin,/home/jzh/PINN/LBM/PINN_Poisson/data/h15_p50_hard_replay_v2/targets/3D000000016.bin,fallback;negative_direct,2800,1,0.000985772,1
h15_p50_closed_loop_hard_replay,17,/home/jzh/PINN/LBM/PINN_Poisson/data/multistep_closed_loop/h15_p50_hard_pre_capture_v2/safe_closed_loop/pairs/pre_poisson/3D000000017.bin,/home/jzh/PINN/LBM/PINN_Poisson/data/h15_p50_hard_pre_capture_v2/states/pre_poisson/3D000000017.bin,/home/jzh/PINN/LBM/PINN_Poisson/data/h15_p50_hard_replay_v2/targets/3D000000017.bin,fallback;negative_direct,3700,1,0.000990158,1
h15_p50_closed_loop_hard_replay,18,/home/jzh/PINN/LBM/PINN_Poisson/data/multistep_closed_loop/h15_p50_hard_pre_capture_v2/safe_closed_loop/pairs/pre_poisson/3D000000018.bin,/home/jzh/PINN/LBM/PINN_Poisson/data/h15_p50_hard_pre_capture_v2/states/pre_poisson/3D000000018.bin,/home/jzh/PINN/LBM/PINN_Poisson/data/h15_p50_hard_replay_v2/targets/3D000000018.bin,fallback;negative_direct,2900,1,0.000988128,1
h15_p50_closed_loop_hard_replay,19,/home/jzh/PINN/LBM/PINN_Poisson/data/multistep_closed_loop/h15_p50_hard_pre_capture_v2/safe_closed_loop/pairs/pre_poisson/3D000000019.bin,/home/jzh/PINN/LBM/PINN_Poisson/data/h15_p50_hard_pre_capture_v2/states/pre_poisson/3D000000019.bin,/home/jzh/PINN/LBM/PINN_Poisson/data/h15_p50_hard_replay_v2/targets/3D000000019.bin,pressure_peak;false_accept,1200,1,0.00097158,1
h15_p50_closed_loop_hard_replay,20,/home/jzh/PINN/LBM/PINN_Poisson/data/multistep_closed_loop/h15_p50_hard_pre_capture_v2/safe_closed_loop/pairs/pre_poisson/3D000000020.bin,/home/jzh/PINN/LBM/PINN_Poisson/data/h15_p50_hard_pre_capture_v2/states/pre_poisson/3D000000020.bin,/home/jzh/PINN/LBM/PINN_Poisson/data/h15_p50_hard_replay_v2/targets/3D000000020.bin,pressure_peak;false_accept,600,1,0.000982712,1
h15_p50_closed_loop_hard_replay,21,/home/jzh/PINN/LBM/PINN_Poisson/data/multistep_closed_loop/h15_p50_hard_pre_capture_v2/safe_closed_loop/pairs/pre_poisson/3D000000021.bin,/home/jzh/PINN/LBM/PINN_Poisson/data/h15_p50_hard_pre_capture_v2/states/pre_poisson/3D000000021.bin,/home/jzh/PINN/LBM/PINN_Poisson/data/h15_p50_hard_replay_v2/targets/3D000000021.bin,pressure_peak;false_accept,900,1,0.000962954,1
h15_p50_closed_loop_hard_replay,22,/home/jzh/PINN/LBM/PINN_Poisson/data/multistep_closed_loop/h15_p50_hard_pre_capture_v2/safe_closed_loop/pairs/pre_poisson/3D000000022.bin,/home/jzh/PINN/LBM/PINN_Poisson/data/h15_p50_hard_pre_capture_v2/states/pre_poisson/3D000000022.bin,/home/jzh/PINN/LBM/PINN_Poisson/data/h15_p50_hard_replay_v2/targets/3D000000022.bin,pressure_peak;false_accept,700,1,0.000925892,1
h15_p50_closed_loop_hard_replay,23,/home/jzh/PINN/LBM/PINN_Poisson/data/multistep_closed_loop/h15_p50_hard_pre_capture_v2/safe_closed_loop/pairs/pre_poisson/3D000000023.bin,/home/jzh/PINN/LBM/PINN_Poisson/data/h15_p50_hard_pre_capture_v2/states/pre_poisson/3D000000023.bin,/home/jzh/PINN/LBM/PINN_Poisson/data/h15_p50_hard_replay_v2/targets/3D000000023.bin,pressure_peak;false_accept,900,1,0.000967747,1
h15_p50_closed_loop_hard_replay,24,/home/jzh/PINN/LBM/PINN_Poisson/data/multistep_closed_loop/h15_p50_hard_pre_capture_v2/safe_closed_loop/pairs/pre_poisson/3D000000024.bin,/home/jzh/PINN/LBM/PINN_Poisson/data/h15_p50_hard_pre_capture_v2/states/pre_poisson/3D000000024.bin,/home/jzh/PINN/LBM/PINN_Poisson/data/h15_p50_hard_replay_v2/targets/3D000000024.bin,pressure_peak;false_accept,700,1,0.000979236,1
h15_p50_closed_loop_hard_replay,25,/home/jzh/PINN/LBM/PINN_Poisson/data/multistep_closed_loop/h15_p50_hard_pre_capture_v2/safe_closed_loop/pairs/pre_poisson/3D000000025.bin,/home/jzh/PINN/LBM/PINN_Poisson/data/h15_p50_hard_pre_capture_v2/states/pre_poisson/3D000000025.bin,/home/jzh/PINN/LBM/PINN_Poisson/data/h15_p50_hard_replay_v2/targets/3D000000025.bin,pressure_peak;false_accept,1100,1,0.000994,1
h15_p50_closed_loop_hard_replay,26,/home/jzh/PINN/LBM/PINN_Poisson/data/multistep_closed_loop/h15_p50_hard_pre_capture_v2/safe_closed_loop/pairs/pre_poisson/3D000000026.bin,/home/jzh/PINN/LBM/PINN_Poisson/data/h15_p50_hard_pre_capture_v2/states/pre_poisson/3D000000026.bin,/home/jzh/PINN/LBM/PINN_Poisson/data/h15_p50_hard_replay_v2/targets/3D000000026.bin,fallback;pressure_peak;negative_direct,1400,1,0.000988833,1
h15_p50_closed_loop_hard_replay,27,/home/jzh/PINN/LBM/PINN_Poisson/data/multistep_closed_loop/h15_p50_hard_pre_capture_v2/safe_closed_loop/pairs/pre_poisson/3D000000027.bin,/home/jzh/PINN/LBM/PINN_Poisson/data/h15_p50_hard_pre_capture_v2/states/pre_poisson/3D000000027.bin,/home/jzh/PINN/LBM/PINN_Poisson/data/h15_p50_hard_replay_v2/targets/3D000000027.bin,pressure_peak;false_accept,800,1,0.000985585,1
h15_p50_closed_loop_hard_replay,28,/home/jzh/PINN/LBM/PINN_Poisson/data/multistep_closed_loop/h15_p50_hard_pre_capture_v2/safe_closed_loop/pairs/pre_poisson/3D000000028.bin,/home/jzh/PINN/LBM/PINN_Poisson/data/h15_p50_hard_pre_capture_v2/states/pre_poisson/3D000000028.bin,/home/jzh/PINN/LBM/PINN_Poisson/data/h15_p50_hard_replay_v2/targets/3D000000028.bin,pressure_peak;false_accept,2500,1,0.000997414,1
h15_p50_closed_loop_hard_replay,29,/home/jzh/PINN/LBM/PINN_Poisson/data/multistep_closed_loop/h15_p50_hard_pre_capture_v2/safe_closed_loop/pairs/pre_poisson/3D000000029.bin,/home/jzh/PINN/LBM/PINN_Poisson/data/h15_p50_hard_pre_capture_v2/states/pre_poisson/3D000000029.bin,/home/jzh/PINN/LBM/PINN_Poisson/data/h15_p50_hard_replay_v2/targets/3D000000029.bin,fallback;pressure_peak;negative_direct,5000,0,0.00117826,0
h15_p50_closed_loop_hard_replay,30,/home/jzh/PINN/LBM/PINN_Poisson/data/multistep_closed_loop/h15_p50_hard_pre_capture_v2/safe_closed_loop/pairs/pre_poisson/3D000000030.bin,/home/jzh/PINN/LBM/PINN_Poisson/data/h15_p50_hard_pre_capture_v2/states/pre_poisson/3D000000030.bin,/home/jzh/PINN/LBM/PINN_Poisson/data/h15_p50_hard_replay_v2/targets/3D000000030.bin,fallback;pressure_peak;negative_direct,5000,0,0.00118482,0
h15_p50_closed_loop_hard_replay,32,/home/jzh/PINN/LBM/PINN_Poisson/data/multistep_closed_loop/h15_p50_hard_pre_capture_v2/safe_closed_loop/pairs/pre_poisson/3D000000032.bin,/home/jzh/PINN/LBM/PINN_Poisson/data/h15_p50_hard_pre_capture_v2/states/pre_poisson/3D000000032.bin,/home/jzh/PINN/LBM/PINN_Poisson/data/h15_p50_hard_replay_v2/targets/3D000000032.bin,fallback;negative_direct,5000,0,0.00136814,0
h15_p50_closed_loop_hard_replay,33,/home/jzh/PINN/LBM/PINN_Poisson/data/multistep_closed_loop/h15_p50_hard_pre_capture_v2/safe_closed_loop/pairs/pre_poisson/3D000000033.bin,/home/jzh/PINN/LBM/PINN_Poisson/data/h15_p50_hard_pre_capture_v2/states/pre_poisson/3D000000033.bin,/home/jzh/PINN/LBM/PINN_Poisson/data/h15_p50_hard_replay_v2/targets/3D000000033.bin,fallback;negative_direct,5000,0,0.00150518,0
h15_p50_closed_loop_hard_replay,34,/home/jzh/PINN/LBM/PINN_Poisson/data/multistep_closed_loop/h15_p50_hard_pre_capture_v2/safe_closed_loop/pairs/pre_poisson/3D000000034.bin,/home/jzh/PINN/LBM/PINN_Poisson/data/h15_p50_hard_pre_capture_v2/states/pre_poisson/3D000000034.bin,/home/jzh/PINN/LBM/PINN_Poisson/data/h15_p50_hard_replay_v2/targets/3D000000034.bin,fallback;negative_direct,5000,0,0.00140858,0
h15_p50_closed_loop_hard_replay,35,/home/jzh/PINN/LBM/PINN_Poisson/data/multistep_closed_loop/h15_p50_hard_pre_capture_v2/safe_closed_loop/pairs/pre_poisson/3D000000035.bin,/home/jzh/PINN/LBM/PINN_Poisson/data/h15_p50_hard_pre_capture_v2/states/pre_poisson/3D000000035.bin,/home/jzh/PINN/LBM/PINN_Poisson/data/h15_p50_hard_replay_v2/targets/3D000000035.bin,fallback;negative_direct,5000,0,0.00153724,0
h15_p50_closed_loop_hard_replay,36,/home/jzh/PINN/LBM/PINN_Poisson/data/multistep_closed_loop/h15_p50_hard_pre_capture_v2/safe_closed_loop/pairs/pre_poisson/3D000000036.bin,/home/jzh/PINN/LBM/PINN_Poisson/data/h15_p50_hard_pre_capture_v2/states/pre_poisson/3D000000036.bin,/home/jzh/PINN/LBM/PINN_Poisson/data/h15_p50_hard_replay_v2/targets/3D000000036.bin,pressure_peak;false_accept,5000,0,0.00141295,0
h15_p50_closed_loop_hard_replay,37,/home/jzh/PINN/LBM/PINN_Poisson/data/multistep_closed_loop/h15_p50_hard_pre_capture_v2/safe_closed_loop/pairs/pre_poisson/3D000000037.bin,/home/jzh/PINN/LBM/PINN_Poisson/data/h15_p50_hard_pre_capture_v2/states/pre_poisson/3D000000037.bin,/home/jzh/PINN/LBM/PINN_Poisson/data/h15_p50_hard_replay_v2/targets/3D000000037.bin,fallback;pressure_peak;negative_direct,5000,0,0.00156307,0
h15_p50_closed_loop_hard_replay,38,/home/jzh/PINN/LBM/PINN_Poisson/data/multistep_closed_loop/h15_p50_hard_pre_capture_v2/safe_closed_loop/pairs/pre_poisson/3D000000038.bin,/home/jzh/PINN/LBM/PINN_Poisson/data/h15_p50_hard_pre_capture_v2/states/pre_poisson/3D000000038.bin,/home/jzh/PINN/LBM/PINN_Poisson/data/h15_p50_hard_replay_v2/targets/3D000000038.bin,fallback;pressure_peak;negative_direct,5000,0,0.00144068,0
h15_p50_closed_loop_hard_replay,39,/home/jzh/PINN/LBM/PINN_Poisson/data/multistep_closed_loop/h15_p50_hard_pre_capture_v2/safe_closed_loop/pairs/pre_poisson/3D000000039.bin,/home/jzh/PINN/LBM/PINN_Poisson/data/h15_p50_hard_pre_capture_v2/states/pre_poisson/3D000000039.bin,/home/jzh/PINN/LBM/PINN_Poisson/data/h15_p50_hard_replay_v2/targets/3D000000039.bin,fallback;pressure_peak;negative_direct,5000,0,0.00152996,0
h15_p50_closed_loop_hard_replay,40,/home/jzh/PINN/LBM/PINN_Poisson/data/multistep_closed_loop/h15_p50_hard_pre_capture_v2/safe_closed_loop/pairs/pre_poisson/3D000000040.bin,/home/jzh/PINN/LBM/PINN_Poisson/data/h15_p50_hard_pre_capture_v2/states/pre_poisson/3D000000040.bin,/home/jzh/PINN/LBM/PINN_Poisson/data/h15_p50_hard_replay_v2/targets/3D000000040.bin,pressure_peak;false_accept,5000,0,0.00140048,0
h15_p50_closed_loop_hard_replay,41,/home/jzh/PINN/LBM/PINN_Poisson/data/multistep_closed_loop/h15_p50_hard_pre_capture_v2/safe_closed_loop/pairs/pre_poisson/3D000000041.bin,/home/jzh/PINN/LBM/PINN_Poisson/data/h15_p50_hard_pre_capture_v2/states/pre_poisson/3D000000041.bin,/home/jzh/PINN/LBM/PINN_Poisson/data/h15_p50_hard_replay_v2/targets/3D000000041.bin,fallback;pressure_peak;negative_direct,5000,0,0.00151982,0
h15_p50_closed_loop_hard_replay,42,/home/jzh/PINN/LBM/PINN_Poisson/data/multistep_closed_loop/h15_p50_hard_pre_capture_v2/safe_closed_loop/pairs/pre_poisson/3D000000042.bin,/home/jzh/PINN/LBM/PINN_Poisson/data/h15_p50_hard_pre_capture_v2/states/pre_poisson/3D000000042.bin,/home/jzh/PINN/LBM/PINN_Poisson/data/h15_p50_hard_replay_v2/targets/3D000000042.bin,fallback;pressure_peak;negative_direct,5000,0,0.00142202,0
h15_p50_closed_loop_hard_replay,43,/home/jzh/PINN/LBM/PINN_Poisson/data/multistep_closed_loop/h15_p50_hard_pre_capture_v2/safe_closed_loop/pairs/pre_poisson/3D000000043.bin,/home/jzh/PINN/LBM/PINN_Poisson/data/h15_p50_hard_pre_capture_v2/states/pre_poisson/3D000000043.bin,/home/jzh/PINN/LBM/PINN_Poisson/data/h15_p50_hard_replay_v2/targets/3D000000043.bin,pressure_peak;false_accept,5000,0,0.00147193,0
h15_p50_closed_loop_hard_replay,44,/home/jzh/PINN/LBM/PINN_Poisson/data/multistep_closed_loop/h15_p50_hard_pre_capture_v2/safe_closed_loop/pairs/pre_poisson/3D000000044.bin,/home/jzh/PINN/LBM/PINN_Poisson/data/h15_p50_hard_pre_capture_v2/states/pre_poisson/3D000000044.bin,/home/jzh/PINN/LBM/PINN_Poisson/data/h15_p50_hard_replay_v2/targets/3D000000044.bin,fallback;pressure_peak;negative_direct,5000,0,0.00138591,0
h15_p50_closed_loop_hard_replay,45,/home/jzh/PINN/LBM/PINN_Poisson/data/multistep_closed_loop/h15_p50_hard_pre_capture_v2/safe_closed_loop/pairs/pre_poisson/3D000000045.bin,/home/jzh/PINN/LBM/PINN_Poisson/data/h15_p50_hard_pre_capture_v2/states/pre_poisson/3D000000045.bin,/home/jzh/PINN/LBM/PINN_Poisson/data/h15_p50_hard_replay_v2/targets/3D000000045.bin,pressure_peak;false_accept,5000,0,0.00142336,0
h15_p50_closed_loop_hard_replay,46,/home/jzh/PINN/LBM/PINN_Poisson/data/multistep_closed_loop/h15_p50_hard_pre_capture_v2/safe_closed_loop/pairs/pre_poisson/3D000000046.bin,/home/jzh/PINN/LBM/PINN_Poisson/data/h15_p50_hard_pre_capture_v2/states/pre_poisson/3D000000046.bin,/home/jzh/PINN/LBM/PINN_Poisson/data/h15_p50_hard_replay_v2/targets/3D000000046.bin,fallback;pressure_peak;negative_direct,5000,0,0.00132226,0
h15_p50_closed_loop_hard_replay,47,/home/jzh/PINN/LBM/PINN_Poisson/data/multistep_closed_loop/h15_p50_hard_pre_capture_v2/safe_closed_loop/pairs/pre_poisson/3D000000047.bin,/home/jzh/PINN/LBM/PINN_Poisson/data/h15_p50_hard_pre_capture_v2/states/pre_poisson/3D000000047.bin,/home/jzh/PINN/LBM/PINN_Poisson/data/h15_p50_hard_replay_v2/targets/3D000000047.bin,pressure_peak;false_accept,5000,0,0.0013559,0
h15_p50_closed_loop_hard_replay,48,/home/jzh/PINN/LBM/PINN_Poisson/data/multistep_closed_loop/h15_p50_hard_pre_capture_v2/safe_closed_loop/pairs/pre_poisson/3D000000048.bin,/home/jzh/PINN/LBM/PINN_Poisson/data/h15_p50_hard_pre_capture_v2/states/pre_poisson/3D000000048.bin,/home/jzh/PINN/LBM/PINN_Poisson/data/h15_p50_hard_replay_v2/targets/3D000000048.bin,fallback;pressure_peak;negative_direct,5000,0,0.00123513,0
h15_p50_closed_loop_hard_replay,49,/home/jzh/PINN/LBM/PINN_Poisson/data/multistep_closed_loop/h15_p50_hard_pre_capture_v2/safe_closed_loop/pairs/pre_poisson/3D000000049.bin,/home/jzh/PINN/LBM/PINN_Poisson/data/h15_p50_hard_pre_capture_v2/states/pre_poisson/3D000000049.bin,/home/jzh/PINN/LBM/PINN_Poisson/data/h15_p50_hard_replay_v2/targets/3D000000049.bin,pressure_peak;false_accept,5000,0,0.00128613,0
h15_p50_closed_loop_hard_replay,50,/home/jzh/PINN/LBM/PINN_Poisson/data/multistep_closed_loop/h15_p50_hard_pre_capture_v2/safe_closed_loop/pairs/pre_poisson/3D000000050.bin,/home/jzh/PINN/LBM/PINN_Poisson/data/h15_p50_hard_pre_capture_v2/states/pre_poisson/3D000000050.bin,/home/jzh/PINN/LBM/PINN_Poisson/data/h15_p50_hard_replay_v2/targets/3D000000050.bin,pressure_peak;false_accept,5000,0,0.00116943,0
h15_p50_closed_loop_hard_replay,51,/home/jzh/PINN/LBM/PINN_Poisson/data/multistep_closed_loop/h15_p50_hard_pre_capture_v2/safe_closed_loop/pairs/pre_poisson/3D000000051.bin,/home/jzh/PINN/LBM/PINN_Poisson/data/h15_p50_hard_pre_capture_v2/states/pre_poisson/3D000000051.bin,/home/jzh/PINN/LBM/PINN_Poisson/data/h15_p50_hard_replay_v2/targets/3D000000051.bin,fallback;pressure_peak;negative_direct,5000,0,0.00125078,0
h15_p50_closed_loop_hard_replay,52,/home/jzh/PINN/LBM/PINN_Poisson/data/multistep_closed_loop/h15_p50_hard_pre_capture_v2/safe_closed_loop/pairs/pre_poisson/3D000000052.bin,/home/jzh/PINN/LBM/PINN_Poisson/data/h15_p50_hard_pre_capture_v2/states/pre_poisson/3D000000052.bin,/home/jzh/PINN/LBM/PINN_Poisson/data/h15_p50_hard_replay_v2/targets/3D000000052.bin,pressure_peak;false_accept,5000,0,0.00117927,0
h15_p50_closed_loop_hard_replay,53,/home/jzh/PINN/LBM/PINN_Poisson/data/multistep_closed_loop/h15_p50_hard_pre_capture_v2/safe_closed_loop/pairs/pre_poisson/3D000000053.bin,/home/jzh/PINN/LBM/PINN_Poisson/data/h15_p50_hard_pre_capture_v2/states/pre_poisson/3D000000053.bin,/home/jzh/PINN/LBM/PINN_Poisson/data/h15_p50_hard_replay_v2/targets/3D000000053.bin,pressure_peak;false_accept,5000,0,0.00126922,0
h15_p50_closed_loop_hard_replay,54,/home/jzh/PINN/LBM/PINN_Poisson/data/multistep_closed_loop/h15_p50_hard_pre_capture_v2/safe_closed_loop/pairs/pre_poisson/3D000000054.bin,/home/jzh/PINN/LBM/PINN_Poisson/data/h15_p50_hard_pre_capture_v2/states/pre_poisson/3D000000054.bin,/home/jzh/PINN/LBM/PINN_Poisson/data/h15_p50_hard_replay_v2/targets/3D000000054.bin,fallback;pressure_peak;negative_direct,5000,0,0.00125183,0
h15_p50_closed_loop_hard_replay,55,/home/jzh/PINN/LBM/PINN_Poisson/data/multistep_closed_loop/h15_p50_hard_pre_capture_v2/safe_closed_loop/pairs/pre_poisson/3D000000055.bin,/home/jzh/PINN/LBM/PINN_Poisson/data/h15_p50_hard_pre_capture_v2/states/pre_poisson/3D000000055.bin,/home/jzh/PINN/LBM/PINN_Poisson/data/h15_p50_hard_replay_v2/targets/3D000000055.bin,pressure_peak;false_accept,5000,0,0.00128616,0
h15_p50_closed_loop_hard_replay,56,/home/jzh/PINN/LBM/PINN_Poisson/data/multistep_closed_loop/h15_p50_hard_pre_capture_v2/safe_closed_loop/pairs/pre_poisson/3D000000056.bin,/home/jzh/PINN/LBM/PINN_Poisson/data/h15_p50_hard_pre_capture_v2/states/pre_poisson/3D000000056.bin,/home/jzh/PINN/LBM/PINN_Poisson/data/h15_p50_hard_replay_v2/targets/3D000000056.bin,pressure_peak;false_accept,5000,0,0.00124778,0
h15_p50_closed_loop_hard_replay,57,/home/jzh/PINN/LBM/PINN_Poisson/data/multistep_closed_loop/h15_p50_hard_pre_capture_v2/safe_closed_loop/pairs/pre_poisson/3D000000057.bin,/home/jzh/PINN/LBM/PINN_Poisson/data/h15_p50_hard_pre_capture_v2/states/pre_poisson/3D000000057.bin,/home/jzh/PINN/LBM/PINN_Poisson/data/h15_p50_hard_replay_v2/targets/3D000000057.bin,fallback;pressure_peak;negative_direct,5000,0,0.00131594,0
h15_p50_closed_loop_hard_replay,58,/home/jzh/PINN/LBM/PINN_Poisson/data/multistep_closed_loop/h15_p50_hard_pre_capture_v2/safe_closed_loop/pairs/pre_poisson/3D000000058.bin,/home/jzh/PINN/LBM/PINN_Poisson/data/h15_p50_hard_pre_capture_v2/states/pre_poisson/3D000000058.bin,/home/jzh/PINN/LBM/PINN_Poisson/data/h15_p50_hard_replay_v2/targets/3D000000058.bin,pressure_peak;false_accept,5000,0,0.0012457,0
h15_p50_closed_loop_hard_replay,59,/home/jzh/PINN/LBM/PINN_Poisson/data/multistep_closed_loop/h15_p50_hard_pre_capture_v2/safe_closed_loop/pairs/pre_poisson/3D000000059.bin,/home/jzh/PINN/LBM/PINN_Poisson/data/h15_p50_hard_pre_capture_v2/states/pre_poisson/3D000000059.bin,/home/jzh/PINN/LBM/PINN_Poisson/data/h15_p50_hard_replay_v2/targets/3D000000059.bin,pressure_peak;false_accept,5000,0,0.00131036,0
h15_p50_closed_loop_hard_replay,60,/home/jzh/PINN/LBM/PINN_Poisson/data/multistep_closed_loop/h15_p50_hard_pre_capture_v2/safe_closed_loop/pairs/pre_poisson/3D000000060.bin,/home/jzh/PINN/LBM/PINN_Poisson/data/h15_p50_hard_pre_capture_v2/states/pre_poisson/3D000000060.bin,/home/jzh/PINN/LBM/PINN_Poisson/data/h15_p50_hard_replay_v2/targets/3D000000060.bin,pressure_peak;false_accept,5000,0,0.00125752,0
h15_p50_closed_loop_hard_replay,61,/home/jzh/PINN/LBM/PINN_Poisson/data/multistep_closed_loop/h15_p50_hard_pre_capture_v2/safe_closed_loop/pairs/pre_poisson/3D000000061.bin,/home/jzh/PINN/LBM/PINN_Poisson/data/h15_p50_hard_pre_capture_v2/states/pre_poisson/3D000000061.bin,/home/jzh/PINN/LBM/PINN_Poisson/data/h15_p50_hard_replay_v2/targets/3D000000061.bin,pressure_peak;false_accept,5000,0,0.00131842,0
h15_p50_closed_loop_hard_replay,62,/home/jzh/PINN/LBM/PINN_Poisson/data/multistep_closed_loop/h15_p50_hard_pre_capture_v2/safe_closed_loop/pairs/pre_poisson/3D000000062.bin,/home/jzh/PINN/LBM/PINN_Poisson/data/h15_p50_hard_pre_capture_v2/states/pre_poisson/3D000000062.bin,/home/jzh/PINN/LBM/PINN_Poisson/data/h15_p50_hard_replay_v2/targets/3D000000062.bin,fallback;pressure_peak;negative_direct,5000,0,0.00128063,0
h15_p50_closed_loop_hard_replay,63,/home/jzh/PINN/LBM/PINN_Poisson/data/multistep_closed_loop/h15_p50_hard_pre_capture_v2/safe_closed_loop/pairs/pre_poisson/3D000000063.bin,/home/jzh/PINN/LBM/PINN_Poisson/data/h15_p50_hard_pre_capture_v2/states/pre_poisson/3D000000063.bin,/home/jzh/PINN/LBM/PINN_Poisson/data/h15_p50_hard_replay_v2/targets/3D000000063.bin,pressure_peak;false_accept,5000,0,0.00130212,0
h15_p50_closed_loop_hard_replay,64,/home/jzh/PINN/LBM/PINN_Poisson/data/multistep_closed_loop/h15_p50_hard_pre_capture_v2/safe_closed_loop/pairs/pre_poisson/3D000000064.bin,/home/jzh/PINN/LBM/PINN_Poisson/data/h15_p50_hard_pre_capture_v2/states/pre_poisson/3D000000064.bin,/home/jzh/PINN/LBM/PINN_Poisson/data/h15_p50_hard_replay_v2/targets/3D000000064.bin,pressure_peak;false_accept,5000,0,0.00123466,0
h15_p50_closed_loop_hard_replay,65,/home/jzh/PINN/LBM/PINN_Poisson/data/multistep_closed_loop/h15_p50_hard_pre_capture_v2/safe_closed_loop/pairs/pre_poisson/3D000000065.bin,/home/jzh/PINN/LBM/PINN_Poisson/data/h15_p50_hard_pre_capture_v2/states/pre_poisson/3D000000065.bin,/home/jzh/PINN/LBM/PINN_Poisson/data/h15_p50_hard_replay_v2/targets/3D000000065.bin,pressure_peak;false_accept,5000,0,0.00129458,0
h15_p50_closed_loop_hard_replay,66,/home/jzh/PINN/LBM/PINN_Poisson/data/multistep_closed_loop/h15_p50_hard_pre_capture_v2/safe_closed_loop/pairs/pre_poisson/3D000000066.bin,/home/jzh/PINN/LBM/PINN_Poisson/data/h15_p50_hard_pre_capture_v2/states/pre_poisson/3D000000066.bin,/home/jzh/PINN/LBM/PINN_Poisson/data/h15_p50_hard_replay_v2/targets/3D000000066.bin,pressure_peak;false_accept,5000,0,0.00124142,0
h15_p50_closed_loop_hard_replay,67,/home/jzh/PINN/LBM/PINN_Poisson/data/multistep_closed_loop/h15_p50_hard_pre_capture_v2/safe_closed_loop/pairs/pre_poisson/3D000000067.bin,/home/jzh/PINN/LBM/PINN_Poisson/data/h15_p50_hard_pre_capture_v2/states/pre_poisson/3D000000067.bin,/home/jzh/PINN/LBM/PINN_Poisson/data/h15_p50_hard_replay_v2/targets/3D000000067.bin,pressure_peak;false_accept,5000,0,0.00130058,0
h15_p50_closed_loop_hard_replay,68,/home/jzh/PINN/LBM/PINN_Poisson/data/multistep_closed_loop/h15_p50_hard_pre_capture_v2/safe_closed_loop/pairs/pre_poisson/3D000000068.bin,/home/jzh/PINN/LBM/PINN_Poisson/data/h15_p50_hard_pre_capture_v2/states/pre_poisson/3D000000068.bin,/home/jzh/PINN/LBM/PINN_Poisson/data/h15_p50_hard_replay_v2/targets/3D000000068.bin,pressure_peak;false_accept,5000,0,0.00124243,0
h15_p50_closed_loop_hard_replay,69,/home/jzh/PINN/LBM/PINN_Poisson/data/multistep_closed_loop/h15_p50_hard_pre_capture_v2/safe_closed_loop/pairs/pre_poisson/3D000000069.bin,/home/jzh/PINN/LBM/PINN_Poisson/data/h15_p50_hard_pre_capture_v2/states/pre_poisson/3D000000069.bin,/home/jzh/PINN/LBM/PINN_Poisson/data/h15_p50_hard_replay_v2/targets/3D000000069.bin,pressure_peak;false_accept,5000,0,0.0012832,0
h15_p50_closed_loop_hard_replay,70,/home/jzh/PINN/LBM/PINN_Poisson/data/multistep_closed_loop/h15_p50_hard_pre_capture_v2/safe_closed_loop/pairs/pre_poisson/3D000000070.bin,/home/jzh/PINN/LBM/PINN_Poisson/data/h15_p50_hard_pre_capture_v2/states/pre_poisson/3D000000070.bin,/home/jzh/PINN/LBM/PINN_Poisson/data/h15_p50_hard_replay_v2/targets/3D000000070.bin,pressure_peak;false_accept,5000,0,0.0012097,0
h15_p50_closed_loop_hard_replay,71,/home/jzh/PINN/LBM/PINN_Poisson/data/multistep_closed_loop/h15_p50_hard_pre_capture_v2/safe_closed_loop/pairs/pre_poisson/3D000000071.bin,/home/jzh/PINN/LBM/PINN_Poisson/data/h15_p50_hard_pre_capture_v2/states/pre_poisson/3D000000071.bin,/home/jzh/PINN/LBM/PINN_Poisson/data/h15_p50_hard_replay_v2/targets/3D000000071.bin,pressure_peak;false_accept,5000,0,0.00122959,0
h15_p50_closed_loop_hard_replay,72,/home/jzh/PINN/LBM/PINN_Poisson/data/multistep_closed_loop/h15_p50_hard_pre_capture_v2/safe_closed_loop/pairs/pre_poisson/3D000000072.bin,/home/jzh/PINN/LBM/PINN_Poisson/data/h15_p50_hard_pre_capture_v2/states/pre_poisson/3D000000072.bin,/home/jzh/PINN/LBM/PINN_Poisson/data/h15_p50_hard_replay_v2/targets/3D000000072.bin,pressure_peak;false_accept,5000,0,0.00114178,0
h15_p50_closed_loop_hard_replay,73,/home/jzh/PINN/LBM/PINN_Poisson/data/multistep_closed_loop/h15_p50_hard_pre_capture_v2/safe_closed_loop/pairs/pre_poisson/3D000000073.bin,/home/jzh/PINN/LBM/PINN_Poisson/data/h15_p50_hard_pre_capture_v2/states/pre_poisson/3D000000073.bin,/home/jzh/PINN/LBM/PINN_Poisson/data/h15_p50_hard_replay_v2/targets/3D000000073.bin,pressure_peak;false_accept,5000,0,0.00114842,0
h15_p50_closed_loop_hard_replay,74,/home/jzh/PINN/LBM/PINN_Poisson/data/multistep_closed_loop/h15_p50_hard_pre_capture_v2/safe_closed_loop/pairs/pre_poisson/3D000000074.bin,/home/jzh/PINN/LBM/PINN_Poisson/data/h15_p50_hard_pre_capture_v2/states/pre_poisson/3D000000074.bin,/home/jzh/PINN/LBM/PINN_Poisson/data/h15_p50_hard_replay_v2/targets/3D000000074.bin,pressure_peak;false_accept,5000,0,0.00105735,0
h15_p50_closed_loop_hard_replay,75,/home/jzh/PINN/LBM/PINN_Poisson/data/multistep_closed_loop/h15_p50_hard_pre_capture_v2/safe_closed_loop/pairs/pre_poisson/3D000000075.bin,/home/jzh/PINN/LBM/PINN_Poisson/data/h15_p50_hard_pre_capture_v2/states/pre_poisson/3D000000075.bin,/home/jzh/PINN/LBM/PINN_Poisson/data/h15_p50_hard_replay_v2/targets/3D000000075.bin,pressure_peak;false_accept,5000,0,0.00105822,0
h15_p50_closed_loop_hard_replay,76,/home/jzh/PINN/LBM/PINN_Poisson/data/multistep_closed_loop/h15_p50_hard_pre_capture_v2/safe_closed_loop/pairs/pre_poisson/3D000000076.bin,/home/jzh/PINN/LBM/PINN_Poisson/data/h15_p50_hard_pre_capture_v2/states/pre_poisson/3D000000076.bin,/home/jzh/PINN/LBM/PINN_Poisson/data/h15_p50_hard_replay_v2/targets/3D000000076.bin,pressure_peak;false_accept,4300,1,0.0009991,1
h15_p50_closed_loop_hard_replay,77,/home/jzh/PINN/LBM/PINN_Poisson/data/multistep_closed_loop/h15_p50_hard_pre_capture_v2/safe_closed_loop/pairs/pre_poisson/3D000000077.bin,/home/jzh/PINN/LBM/PINN_Poisson/data/h15_p50_hard_pre_capture_v2/states/pre_poisson/3D000000077.bin,/home/jzh/PINN/LBM/PINN_Poisson/data/h15_p50_hard_replay_v2/targets/3D000000077.bin,pressure_peak;false_accept,4300,1,0.000997166,1
h15_p50_closed_loop_hard_replay,78,/home/jzh/PINN/LBM/PINN_Poisson/data/multistep_closed_loop/h15_p50_hard_pre_capture_v2/safe_closed_loop/pairs/pre_poisson/3D000000078.bin,/home/jzh/PINN/LBM/PINN_Poisson/data/h15_p50_hard_pre_capture_v2/states/pre_poisson/3D000000078.bin,/home/jzh/PINN/LBM/PINN_Poisson/data/h15_p50_hard_replay_v2/targets/3D000000078.bin,pressure_peak;false_accept,2900,1,0.000993522,1
h15_p50_closed_loop_hard_replay,79,/home/jzh/PINN/LBM/PINN_Poisson/data/multistep_closed_loop/h15_p50_hard_pre_capture_v2/safe_closed_loop/pairs/pre_poisson/3D000000079.bin,/home/jzh/PINN/LBM/PINN_Poisson/data/h15_p50_hard_pre_capture_v2/states/pre_poisson/3D000000079.bin,/home/jzh/PINN/LBM/PINN_Poisson/data/h15_p50_hard_replay_v2/targets/3D000000079.bin,pressure_peak;false_accept,2600,1,0.000998641,1
h15_p50_closed_loop_hard_replay,80,/home/jzh/PINN/LBM/PINN_Poisson/data/multistep_closed_loop/h15_p50_hard_pre_capture_v2/safe_closed_loop/pairs/pre_poisson/3D000000080.bin,/home/jzh/PINN/LBM/PINN_Poisson/data/h15_p50_hard_pre_capture_v2/states/pre_poisson/3D000000080.bin,/home/jzh/PINN/LBM/PINN_Poisson/data/h15_p50_hard_replay_v2/targets/3D000000080.bin,pressure_peak;false_accept,1700,1,0.000996149,1
h15_p50_closed_loop_hard_replay,81,/home/jzh/PINN/LBM/PINN_Poisson/data/multistep_closed_loop/h15_p50_hard_pre_capture_v2/safe_closed_loop/pairs/pre_poisson/3D000000081.bin,/home/jzh/PINN/LBM/PINN_Poisson/data/h15_p50_hard_pre_capture_v2/states/pre_poisson/3D000000081.bin,/home/jzh/PINN/LBM/PINN_Poisson/data/h15_p50_hard_replay_v2/targets/3D000000081.bin,pressure_peak;false_accept,1400,1,0.000993532,1
h15_p50_closed_loop_hard_replay,82,/home/jzh/PINN/LBM/PINN_Poisson/data/multistep_closed_loop/h15_p50_hard_pre_capture_v2/safe_closed_loop/pairs/pre_poisson/3D000000082.bin,/home/jzh/PINN/LBM/PINN_Poisson/data/h15_p50_hard_pre_capture_v2/states/pre_poisson/3D000000082.bin,/home/jzh/PINN/LBM/PINN_Poisson/data/h15_p50_hard_replay_v2/targets/3D000000082.bin,pressure_peak;false_accept,800,1,0.000989875,1
h15_p50_closed_loop_hard_replay,105,/home/jzh/PINN/LBM/PINN_Poisson/data/multistep_closed_loop/h15_p50_hard_pre_capture_v2/safe_closed_loop/pairs/pre_poisson/3D000000105.bin,/home/jzh/PINN/LBM/PINN_Poisson/data/h15_p50_hard_pre_capture_v2/states/pre_poisson/3D000000105.bin,/home/jzh/PINN/LBM/PINN_Poisson/data/h15_p50_hard_replay_v2/targets/3D000000105.bin,negative_future20,400,1,0.00087935,1
h15_p50_closed_loop_hard_replay,106,/home/jzh/PINN/LBM/PINN_Poisson/data/multistep_closed_loop/h15_p50_hard_pre_capture_v2/safe_closed_loop/pairs/pre_poisson/3D000000106.bin,/home/jzh/PINN/LBM/PINN_Poisson/data/h15_p50_hard_pre_capture_v2/states/pre_poisson/3D000000106.bin,/home/jzh/PINN/LBM/PINN_Poisson/data/h15_p50_hard_replay_v2/targets/3D000000106.bin,negative_future20,300,1,0.00096339,1
h15_p50_closed_loop_hard_replay,107,/home/jzh/PINN/LBM/PINN_Poisson/data/multistep_closed_loop/h15_p50_hard_pre_capture_v2/safe_closed_loop/pairs/pre_poisson/3D000000107.bin,/home/jzh/PINN/LBM/PINN_Poisson/data/h15_p50_hard_pre_capture_v2/states/pre_poisson/3D000000107.bin,/home/jzh/PINN/LBM/PINN_Poisson/data/h15_p50_hard_replay_v2/targets/3D000000107.bin,negative_future20,300,1,0.000935743,1
h15_p50_closed_loop_hard_replay,108,/home/jzh/PINN/LBM/PINN_Poisson/data/multistep_closed_loop/h15_p50_hard_pre_capture_v2/safe_closed_loop/pairs/pre_poisson/3D000000108.bin,/home/jzh/PINN/LBM/PINN_Poisson/data/h15_p50_hard_pre_capture_v2/states/pre_poisson/3D000000108.bin,/home/jzh/PINN/LBM/PINN_Poisson/data/h15_p50_hard_replay_v2/targets/3D000000108.bin,negative_future20,300,1,0.000908249,1
h15_p50_closed_loop_hard_replay,109,/home/jzh/PINN/LBM/PINN_Poisson/data/multistep_closed_loop/h15_p50_hard_pre_capture_v2/safe_closed_loop/pairs/pre_poisson/3D000000109.bin,/home/jzh/PINN/LBM/PINN_Poisson/data/h15_p50_hard_pre_capture_v2/states/pre_poisson/3D000000109.bin,/home/jzh/PINN/LBM/PINN_Poisson/data/h15_p50_hard_replay_v2/targets/3D000000109.bin,negative_future20,300,1,0.000973293,1
h15_p50_closed_loop_hard_replay,110,/home/jzh/PINN/LBM/PINN_Poisson/data/multistep_closed_loop/h15_p50_hard_pre_capture_v2/safe_closed_loop/pairs/pre_poisson/3D000000110.bin,/home/jzh/PINN/LBM/PINN_Poisson/data/h15_p50_hard_pre_capture_v2/states/pre_poisson/3D000000110.bin,/home/jzh/PINN/LBM/PINN_Poisson/data/h15_p50_hard_replay_v2/targets/3D000000110.bin,negative_future20,300,1,0.000921032,1
h15_p50_closed_loop_hard_replay,111,/home/jzh/PINN/LBM/PINN_Poisson/data/multistep_closed_loop/h15_p50_hard_pre_capture_v2/safe_closed_loop/pairs/pre_poisson/3D000000111.bin,/home/jzh/PINN/LBM/PINN_Poisson/data/h15_p50_hard_pre_capture_v2/states/pre_poisson/3D000000111.bin,/home/jzh/PINN/LBM/PINN_Poisson/data/h15_p50_hard_replay_v2/targets/3D000000111.bin,negative_future20,300,1,0.000886063,1
h15_p50_closed_loop_hard_replay,112,/home/jzh/PINN/LBM/PINN_Poisson/data/multistep_closed_loop/h15_p50_hard_pre_capture_v2/safe_closed_loop/pairs/pre_poisson/3D000000112.bin,/home/jzh/PINN/LBM/PINN_Poisson/data/h15_p50_hard_pre_capture_v2/states/pre_poisson/3D000000112.bin,/home/jzh/PINN/LBM/PINN_Poisson/data/h15_p50_hard_replay_v2/targets/3D000000112.bin,negative_future20,300,1,0.000852042,1
h15_p50_closed_loop_hard_replay,113,/home/jzh/PINN/LBM/PINN_Poisson/data/multistep_closed_loop/h15_p50_hard_pre_capture_v2/safe_closed_loop/pairs/pre_poisson/3D000000113.bin,/home/jzh/PINN/LBM/PINN_Poisson/data/h15_p50_hard_pre_capture_v2/states/pre_poisson/3D000000113.bin,/home/jzh/PINN/LBM/PINN_Poisson/data/h15_p50_hard_replay_v2/targets/3D000000113.bin,negative_future20,300,1,0.000838048,1
h15_p50_closed_loop_hard_replay,114,/home/jzh/PINN/LBM/PINN_Poisson/data/multistep_closed_loop/h15_p50_hard_pre_capture_v2/safe_closed_loop/pairs/pre_poisson/3D000000114.bin,/home/jzh/PINN/LBM/PINN_Poisson/data/h15_p50_hard_pre_capture_v2/states/pre_poisson/3D000000114.bin,/home/jzh/PINN/LBM/PINN_Poisson/data/h15_p50_hard_replay_v2/targets/3D000000114.bin,negative_future20,300,1,0.000821203,1
h15_p50_closed_loop_hard_replay,115,/home/jzh/PINN/LBM/PINN_Poisson/data/multistep_closed_loop/h15_p50_hard_pre_capture_v2/safe_closed_loop/pairs/pre_poisson/3D000000115.bin,/home/jzh/PINN/LBM/PINN_Poisson/data/h15_p50_hard_pre_capture_v2/states/pre_poisson/3D000000115.bin,/home/jzh/PINN/LBM/PINN_Poisson/data/h15_p50_hard_replay_v2/targets/3D000000115.bin,negative_future20,300,1,0.000824815,1
h15_p50_closed_loop_hard_replay,116,/home/jzh/PINN/LBM/PINN_Poisson/data/multistep_closed_loop/h15_p50_hard_pre_capture_v2/safe_closed_loop/pairs/pre_poisson/3D000000116.bin,/home/jzh/PINN/LBM/PINN_Poisson/data/h15_p50_hard_pre_capture_v2/states/pre_poisson/3D000000116.bin,/home/jzh/PINN/LBM/PINN_Poisson/data/h15_p50_hard_replay_v2/targets/3D000000116.bin,pressure_peak;false_accept;negative_future20,300,1,0.000816441,1
h15_p50_closed_loop_hard_replay,117,/home/jzh/PINN/LBM/PINN_Poisson/data/multistep_closed_loop/h15_p50_hard_pre_capture_v2/safe_closed_loop/pairs/pre_poisson/3D000000117.bin,/home/jzh/PINN/LBM/PINN_Poisson/data/h15_p50_hard_pre_capture_v2/states/pre_poisson/3D000000117.bin,/home/jzh/PINN/LBM/PINN_Poisson/data/h15_p50_hard_replay_v2/targets/3D000000117.bin,pressure_peak;false_accept;negative_future20,300,1,0.000832472,1
h15_p50_closed_loop_hard_replay,118,/home/jzh/PINN/LBM/PINN_Poisson/data/multistep_closed_loop/h15_p50_hard_pre_capture_v2/safe_closed_loop/pairs/pre_poisson/3D000000118.bin,/home/jzh/PINN/LBM/PINN_Poisson/data/h15_p50_hard_pre_capture_v2/states/pre_poisson/3D000000118.bin,/home/jzh/PINN/LBM/PINN_Poisson/data/h15_p50_hard_replay_v2/targets/3D000000118.bin,pressure_peak;false_accept;negative_direct;negative_future20,300,1,0.00082596,1
h15_p50_closed_loop_hard_replay,119,/home/jzh/PINN/LBM/PINN_Poisson/data/multistep_closed_loop/h15_p50_hard_pre_capture_v2/safe_closed_loop/pairs/pre_poisson/3D000000119.bin,/home/jzh/PINN/LBM/PINN_Poisson/data/h15_p50_hard_pre_capture_v2/states/pre_poisson/3D000000119.bin,/home/jzh/PINN/LBM/PINN_Poisson/data/h15_p50_hard_replay_v2/targets/3D000000119.bin,pressure_peak;false_accept;negative_direct;negative_future20,300,1,0.000848248,1
h15_p50_closed_loop_hard_replay,120,/home/jzh/PINN/LBM/PINN_Poisson/data/multistep_closed_loop/h15_p50_hard_pre_capture_v2/safe_closed_loop/pairs/pre_poisson/3D000000120.bin,/home/jzh/PINN/LBM/PINN_Poisson/data/h15_p50_hard_pre_capture_v2/states/pre_poisson/3D000000120.bin,/home/jzh/PINN/LBM/PINN_Poisson/data/h15_p50_hard_replay_v2/targets/3D000000120.bin,pressure_peak;false_accept;negative_direct;negative_future20,300,1,0.000840486,1
