candidate,poisson,steps,exit_code,reference_candidate,poisson_tolerance,reference_accuracy_pass,speedup_vs_reference,total_ms_per_step,poisson_iters,mlups,source_aware_hh_init,source_aware_hh_scale,scalar_source_scale,pressure_relax_scale,poisson_fixed_point_relax,poisson_anderson_m1,poisson_anderson_beta_max,poisson_two_grid_correction,poisson_two_grid_strength,fei_max_abs,fei_rel_l2,rho_max_abs,rho_rel_l2,u_max_abs,u_rel_l2,v_max_abs,v_rel_l2,w_max_abs,w_rel_l2,press_max_abs,press_rel_l2,saved_plt,command
onepass_reference,onepass,5,0,onepass_reference,0.001,1,1.0,103.447,960.0,0.158,0,,,1.0,1.0,0,,0,,0.0,0.0,0.0,0.0,0.0,0.0,0.0,0.0,0.0,0.0,0.0,0.0,,/home/jzh/lbm/LBM/Old/LBM2/LBM/codex分支/LBM/GPU/lbm_gpu --mode gpu --params /home/jzh/lbm/LBM/Old/LBM2/LBM/codex分支/LBM/GPU/params_small.in --steps 5 --output-frequency 5 --write-output --no-roofline --poisson-check-interval 100 --poisson-tolerance 0.001 --poisson onepass --pressure-boundary fused
relax_scale0p75,onepass,5,0,onepass_reference,0.001,0,1.233641404805915,83.855,900.0,0.195,0,,,0.75,1.0,0,,0,,0.00919293612241745,0.03263593990764314,2.518333911895752,0.012608290856264638,0.10789500176906586,0.39674797450387217,0.08974301069974899,0.39761699225492503,0.09256032109260559,0.3783570660396018,0.9023634493350983,0.21702434267572168,,/home/jzh/lbm/LBM/Old/LBM2/LBM/codex分支/LBM/GPU/lbm_gpu --mode gpu --params /home/jzh/lbm/LBM/Old/LBM2/LBM/codex分支/LBM/GPU/params_small.in --steps 5 --output-frequency 5 --write-output --no-roofline --poisson-check-interval 100 --poisson-tolerance 0.001 --poisson onepass --pressure-boundary fused --pressure-relax-scale 0.75
relax_scale1p1,onepass,5,0,onepass_reference,0.001,0,1.3461248178221945,76.848,820.0,0.213,0,,,1.1,1.0,0,,0,,0.0,nan,0.0,nan,0.0,nan,0.0,nan,0.0,nan,0.0,nan,,/home/jzh/lbm/LBM/Old/LBM2/LBM/codex分支/LBM/GPU/lbm_gpu --mode gpu --params /home/jzh/lbm/LBM/Old/LBM2/LBM/codex分支/LBM/GPU/params_small.in --steps 5 --output-frequency 5 --write-output --no-roofline --poisson-check-interval 100 --poisson-tolerance 0.001 --poisson onepass --pressure-boundary fused --pressure-relax-scale 1.1
relax_scale1p25,onepass,5,0,onepass_reference,0.001,0,2.287031305270605,45.232,460.0,0.362,0,,,1.25,1.0,0,,0,,0.0,nan,0.0,nan,0.0,nan,0.0,nan,0.0,nan,0.0,nan,,/home/jzh/lbm/LBM/Old/LBM2/LBM/codex分支/LBM/GPU/lbm_gpu --mode gpu --params /home/jzh/lbm/LBM/Old/LBM2/LBM/codex分支/LBM/GPU/params_small.in --steps 5 --output-frequency 5 --write-output --no-roofline --poisson-check-interval 100 --poisson-tolerance 0.001 --poisson onepass --pressure-boundary fused --pressure-relax-scale 1.25
scalar_stencil_scale2,scalar,5,0,onepass_reference,0.001,0,47.759464450600184,2.166,100.0,7.564,0,,2.0,1.0,1.0,0,,0,,0.012584589421749115,0.05285407395214369,2.6604881286621094,0.02064465863537236,0.24035141803324223,1.1124922156479897,0.18089016526937485,1.1609184648003925,0.17311161570250988,1.0831178336865042,1.177720069885254,1.0,,/home/jzh/lbm/LBM/Old/LBM2/LBM/codex分支/LBM/GPU/lbm_gpu --mode gpu --params /home/jzh/lbm/LBM/Old/LBM2/LBM/codex分支/LBM/GPU/params_small.in --steps 5 --output-frequency 5 --write-output --no-roofline --poisson-check-interval 100 --poisson-tolerance 0.001 --poisson scalar --pressure-boundary fused --scalar-source-scale 2.0
source_aware_scale0p25,onepass,5,0,onepass_reference,0.001,0,1.1554451022003798,89.53,960.0,0.183,1,0.25,,1.0,1.0,0,,0,,2.9802322387695312e-08,6.97916369990382e-08,3.814697265625e-06,2.1596445826526382e-08,4.3213367462158203e-07,2.311111276923604e-06,4.246830940246582e-07,2.5783386169919174e-06,6.183981895446777e-07,2.655402181182902e-06,5.0067901611328125e-05,0.0002785126137912054,,/home/jzh/lbm/LBM/Old/LBM2/LBM/codex分支/LBM/GPU/lbm_gpu --mode gpu --params /home/jzh/lbm/LBM/Old/LBM2/LBM/codex分支/LBM/GPU/params_small.in --steps 5 --output-frequency 5 --write-output --no-roofline --poisson-check-interval 100 --poisson-tolerance 0.001 --poisson onepass --pressure-boundary fused --source-aware-hh-init --source-aware-hh-scale 0.25
source_aware_scale0p5,onepass,5,0,onepass_reference,0.001,0,1.1582394697359877,89.314,960.0,0.183,1,0.5,,1.0,1.0,0,,0,,5.21540641784668e-08,1.3506575397375075e-07,6.198883056640625e-06,3.5895755739958385e-08,8.717179298400879e-07,4.624336329927045e-06,8.493661880493164e-07,5.155017505779422e-06,1.2442469596862793e-06,5.3168973125619025e-06,0.00010013580322265625,0.0005570272665414985,,/home/jzh/lbm/LBM/Old/LBM2/LBM/codex分支/LBM/GPU/lbm_gpu --mode gpu --params /home/jzh/lbm/LBM/Old/LBM2/LBM/codex分支/LBM/GPU/params_small.in --steps 5 --output-frequency 5 --write-output --no-roofline --poisson-check-interval 100 --poisson-tolerance 0.001 --poisson onepass --pressure-boundary fused --source-aware-hh-init --source-aware-hh-scale 0.5
source_aware_scale1,onepass,5,0,onepass_reference,0.001,0,1.156827661787236,89.423,960.0,0.183,1,1.0,,1.0,1.0,0,,0,,1.043081283569336e-07,2.697519782443169e-07,1.239776611328125e-05,6.936629997731538e-08,1.7434358596801758e-06,9.25759865209405e-06,1.7024576663970947e-06,1.0306031522278298e-05,2.4884939193725586e-06,1.0628006215444389e-05,0.00020026415586471558,0.0011140635045990982,,/home/jzh/lbm/LBM/Old/LBM2/LBM/codex分支/LBM/GPU/lbm_gpu --mode gpu --params /home/jzh/lbm/LBM/Old/LBM2/LBM/codex分支/LBM/GPU/params_small.in --steps 5 --output-frequency 5 --write-output --no-roofline --poisson-check-interval 100 --poisson-tolerance 0.001 --poisson onepass --pressure-boundary fused --source-aware-hh-init --source-aware-hh-scale 1.0
fixed_point_relax0p9,onepass,5,0,onepass_reference,0.001,0,1.156194116595136,89.472,960.0,0.183,0,,,1.0,0.9,0,,0,,2.7358531951904297e-05,8.739619080932e-05,0.0035474300384521484,3.1341724474637606e-05,0.000886380672454834,0.003967995307296943,0.0008825846016407013,0.004400519829199512,0.0012882202863693237,0.004671861959767274,0.023440837860107422,0.09445574404807636,,/home/jzh/lbm/LBM/Old/LBM2/LBM/codex分支/LBM/GPU/lbm_gpu --mode gpu --params /home/jzh/lbm/LBM/Old/LBM2/LBM/codex分支/LBM/GPU/params_small.in --steps 5 --output-frequency 5 --write-output --no-roofline --poisson-check-interval 100 --poisson-tolerance 0.001 --poisson onepass --pressure-boundary fused --poisson-fixed-point-relax 0.9
fixed_point_relax1p05,onepass,5,0,onepass_reference,0.001,0,1.1128718196977032,92.955,1000.0,0.176,0,,,1.0,1.05,0,,0,,inf,inf,49.0,5.73866940123148,inf,inf,inf,inf,inf,inf,inf,inf,,/home/jzh/lbm/LBM/Old/LBM2/LBM/codex分支/LBM/GPU/lbm_gpu --mode gpu --params /home/jzh/lbm/LBM/Old/LBM2/LBM/codex分支/LBM/GPU/params_small.in --steps 5 --output-frequency 5 --write-output --no-roofline --poisson-check-interval 100 --poisson-tolerance 0.001 --poisson onepass --pressure-boundary fused --poisson-fixed-point-relax 1.05
fixed_point_relax1p1,onepass,5,0,onepass_reference,0.001,0,1.3406817003628824,77.16,820.0,0.212,0,,,1.0,1.1,0,,0,,0.0,nan,0.0,nan,0.0,nan,0.0,nan,0.0,nan,0.0,nan,,/home/jzh/lbm/LBM/Old/LBM2/LBM/codex分支/LBM/GPU/lbm_gpu --mode gpu --params /home/jzh/lbm/LBM/Old/LBM2/LBM/codex分支/LBM/GPU/params_small.in --steps 5 --output-frequency 5 --write-output --no-roofline --poisson-check-interval 100 --poisson-tolerance 0.001 --poisson onepass --pressure-boundary fused --poisson-fixed-point-relax 1.1
fixed_point_relax1p2,onepass,5,0,onepass_reference,0.001,0,1.696686895194358,60.97,640.0,0.269,0,,,1.0,1.2,0,,0,,0.0,nan,0.0,nan,0.0,nan,0.0,nan,0.0,nan,0.0,nan,,/home/jzh/lbm/LBM/Old/LBM2/LBM/codex分支/LBM/GPU/lbm_gpu --mode gpu --params /home/jzh/lbm/LBM/Old/LBM2/LBM/codex分支/LBM/GPU/params_small.in --steps 5 --output-frequency 5 --write-output --no-roofline --poisson-check-interval 100 --poisson-tolerance 0.001 --poisson onepass --pressure-boundary fused --poisson-fixed-point-relax 1.2
anderson_m1_beta0,onepass,5,0,onepass_reference,0.001,0,0.5601691657054979,184.671,960.0,0.089,0,,,1.0,1.0,1,0.0,0,,3.129243850708008e-07,1.1505573905481841e-06,5.340576171875e-05,5.097579394707764e-07,1.516193151473999e-05,6.15998020032599e-05,1.5042722225189209e-05,6.787632129422179e-05,2.1435320377349854e-05,7.314122488126935e-05,0.0005786418914794922,0.002491965288382227,,/home/jzh/lbm/LBM/Old/LBM2/LBM/codex分支/LBM/GPU/lbm_gpu --mode gpu --params /home/jzh/lbm/LBM/Old/LBM2/LBM/codex分支/LBM/GPU/params_small.in --steps 5 --output-frequency 5 --write-output --no-roofline --poisson-check-interval 100 --poisson-tolerance 0.001 --poisson onepass --pressure-boundary fused --poisson-anderson-m1 --poisson-anderson-beta-max 0.0
anderson_m1_beta0p5,onepass,5,0,onepass_reference,0.001,0,0.5701412580398035,181.441,940.0,0.09,0,,,1.0,1.0,1,0.5,0,,9.208917617797852e-06,2.979424047353739e-05,0.0012476444244384766,1.0903113162808268e-05,0.00030168890953063965,0.0013511865202895535,0.00030057504773139954,0.0014988683356739058,0.00043698400259017944,0.0015830164288544403,0.010489583015441895,0.04612592129996308,,/home/jzh/lbm/LBM/Old/LBM2/LBM/codex分支/LBM/GPU/lbm_gpu --mode gpu --params /home/jzh/lbm/LBM/Old/LBM2/LBM/codex分支/LBM/GPU/params_small.in --steps 5 --output-frequency 5 --write-output --no-roofline --poisson-check-interval 100 --poisson-tolerance 0.001 --poisson onepass --pressure-boundary fused --poisson-anderson-m1 --poisson-anderson-beta-max 0.5
anderson_m1_beta1,onepass,5,0,onepass_reference,0.001,0,0.5695511179382148,181.629,940.0,0.09,0,,,1.0,1.0,1,1.0,0,,1.3940036296844482e-05,4.481242365294394e-05,0.0018525123596191406,1.6188597980140666e-05,0.0004494860768318176,0.0020203749356832402,0.00044779106974601746,0.002241441179483461,0.0006524622440338135,0.002370789388784113,0.01618194580078125,0.07197058878436316,,/home/jzh/lbm/LBM/Old/LBM2/LBM/codex分支/LBM/GPU/lbm_gpu --mode gpu --params /home/jzh/lbm/LBM/Old/LBM2/LBM/codex分支/LBM/GPU/params_small.in --steps 5 --output-frequency 5 --write-output --no-roofline --poisson-check-interval 100 --poisson-tolerance 0.001 --poisson onepass --pressure-boundary fused --poisson-anderson-m1 --poisson-anderson-beta-max 1.0
two_grid_strength0p0001,onepass,5,0,onepass_reference,0.001,1,1.1572158893873121,89.393,960.0,0.183,0,,,1.0,1.0,0,,1,0.0001,2.2351741790771484e-08,5.4325106863032294e-08,3.814697265625e-06,2.9027839544699755e-08,5.736947059631348e-07,2.432782321991811e-06,5.885958671569824e-07,2.571326003797081e-06,8.270144462585449e-07,2.725918293943315e-06,2.0503997802734375e-05,9.426820241378745e-05,,/home/jzh/lbm/LBM/Old/LBM2/LBM/codex分支/LBM/GPU/lbm_gpu --mode gpu --params /home/jzh/lbm/LBM/Old/LBM2/LBM/codex分支/LBM/GPU/params_small.in --steps 5 --output-frequency 5 --write-output --no-roofline --poisson-check-interval 100 --poisson-tolerance 0.001 --poisson onepass --pressure-boundary fused --poisson-two-grid-correction --poisson-two-grid-strength 0.0001
two_grid_strength0p0005,onepass,5,0,onepass_reference,0.001,0,1.1581357336378495,89.322,960.0,0.183,0,,,1.0,1.0,0,,1,0.0005,8.940696716308594e-08,2.545891818202703e-07,1.2159347534179688e-05,1.08208276310873e-07,2.86102294921875e-06,1.2137998967778123e-05,2.9355287551879883e-06,1.2848157149087872e-05,4.14624810218811e-06,1.3613840828547667e-05,0.0001024007797241211,0.0004713440401027665,,/home/jzh/lbm/LBM/Old/LBM2/LBM/codex分支/LBM/GPU/lbm_gpu --mode gpu --params /home/jzh/lbm/LBM/Old/LBM2/LBM/codex分支/LBM/GPU/params_small.in --steps 5 --output-frequency 5 --write-output --no-roofline --poisson-check-interval 100 --poisson-tolerance 0.001 --poisson onepass --pressure-boundary fused --poisson-two-grid-correction --poisson-two-grid-strength 0.0005
two_grid_strength0p001,onepass,5,0,onepass_reference,0.001,0,1.155225747372888,89.547,960.0,0.183,0,,,1.0,1.0,0,,1,0.001,1.7881393432617188e-07,5.064064829542958e-07,2.4557113647460938e-05,2.1347794493983839e-07,5.707144737243652e-06,2.4236899376525317e-05,5.859881639480591e-06,2.5665121908075993e-05,8.281320333480835e-06,2.719138687798426e-05,0.0002048015594482422,0.0009426889408260381,,/home/jzh/lbm/LBM/Old/LBM2/LBM/codex分支/LBM/GPU/lbm_gpu --mode gpu --params /home/jzh/lbm/LBM/Old/LBM2/LBM/codex分支/LBM/GPU/params_small.in --steps 5 --output-frequency 5 --write-output --no-roofline --poisson-check-interval 100 --poisson-tolerance 0.001 --poisson onepass --pressure-boundary fused --poisson-two-grid-correction --poisson-two-grid-strength 0.001
two_grid_strength0p005,onepass,5,0,onepass_reference,0.001,0,1.182616350188058,87.473,940.0,0.187,0,,,1.0,1.0,0,,1,0.005,9.909272193908691e-07,2.92282400903125e-06,0.00016832351684570312,1.3845027332868986e-06,3.0376017093658447e-05,0.00013364741853650502,3.1284987926483154e-05,0.00014257550209550372,4.246830940246582e-05,0.00014124229278040428,0.001034855842590332,0.004716169674483521,,/home/jzh/lbm/LBM/Old/LBM2/LBM/codex分支/LBM/GPU/lbm_gpu --mode gpu --params /home/jzh/lbm/LBM/Old/LBM2/LBM/codex分支/LBM/GPU/params_small.in --steps 5 --output-frequency 5 --write-output --no-roofline --poisson-check-interval 100 --poisson-tolerance 0.001 --poisson onepass --pressure-boundary fused --poisson-two-grid-correction --poisson-two-grid-strength 0.005
two_grid_strength0p01,onepass,5,0,onepass_reference,0.001,0,1.178896625602571,87.749,940.0,0.187,0,,,1.0,1.0,0,,1,0.01,1.862645149230957e-06,5.344497739121727e-06,0.00028324127197265625,2.3691234086435097e-06,5.806237459182739e-05,0.00025042347916173205,5.971267819404602e-05,0.0002663032790722676,8.273869752883911e-05,0.000272171290295948,0.0020537376403808594,0.00942955584916688,,/home/jzh/lbm/LBM/Old/LBM2/LBM/codex分支/LBM/GPU/lbm_gpu --mode gpu --params /home/jzh/lbm/LBM/Old/LBM2/LBM/codex分支/LBM/GPU/params_small.in --steps 5 --output-frequency 5 --write-output --no-roofline --poisson-check-interval 100 --poisson-tolerance 0.001 --poisson onepass --pressure-boundary fused --poisson-two-grid-correction --poisson-two-grid-strength 0.01
two_grid_strength0p05,onepass,5,0,onepass_reference,0.001,0,1.1788160218790953,87.755,940.0,0.187,0,,,1.0,1.0,0,,1,0.05,8.054077625274658e-06,2.292497022715704e-05,0.001116037368774414,9.573776179250097e-06,0.00025615841150283813,0.0010873465608398794,0.00026287510991096497,0.001154750646364511,0.00037059932947158813,0.0012155964546260853,0.01007068157196045,0.04713566236897634,,/home/jzh/lbm/LBM/Old/LBM2/LBM/codex分支/LBM/GPU/lbm_gpu --mode gpu --params /home/jzh/lbm/LBM/Old/LBM2/LBM/codex分支/LBM/GPU/params_small.in --steps 5 --output-frequency 5 --write-output --no-roofline --poisson-check-interval 100 --poisson-tolerance 0.001 --poisson onepass --pressure-boundary fused --poisson-two-grid-correction --poisson-two-grid-strength 0.05
two_grid_strength0p1,onepass,5,0,onepass_reference,0.001,0,1.1769383924000227,87.895,940.0,0.186,0,,,1.0,1.0,0,,1,0.1,1.4200806617736816e-05,4.060385698602355e-05,0.001941680908203125,1.6779196184245176e-05,0.00045474618673324585,0.0019275785399985362,0.00046595558524131775,0.002049974588532763,0.0006585046648979187,0.0021667064095589133,0.019806385040283203,0.09426649889454343,,/home/jzh/lbm/LBM/Old/LBM2/LBM/codex分支/LBM/GPU/lbm_gpu --mode gpu --params /home/jzh/lbm/LBM/Old/LBM2/LBM/codex分支/LBM/GPU/params_small.in --steps 5 --output-frequency 5 --write-output --no-roofline --poisson-check-interval 100 --poisson-tolerance 0.001 --poisson onepass --pressure-boundary fused --poisson-two-grid-correction --poisson-two-grid-strength 0.1
