label,candidate_step,next_candidate_step,input_quality_accept,input_quality_reasons,used_pressure_initializer,pressure_init_accept_step,pressure_init_fallback_step,baseline_iter,safe_iter,iter_delta_step,safe_segments,safe_converged,future_until_next_steps,future_until_next_iter_delta,future_1_iter_delta,future_5_iter_delta,future_20_iter_delta,future_50_iter_delta,future_100_iter_delta,field_error_available,rho_rel_l2,rho_max_abs,fei_rel_l2,fei_max_abs,u_rel_l2,u_max_abs,v_rel_l2,v_max_abs,w_rel_l2,w_max_abs,pressure_rel_l2,pressure_max_abs,phase_mass_rel_error,field_health_pass,field_health_reasons,component_count,reference_component_count,interface_fraction_abs_error,mid_fraction_abs_error,liquid_fraction_abs_error,fei_grad_mean_abs_error,fei_grad_max_abs_error,candidate_total_ms,pre_snapshot_wait_ms,python_ready_ms,read_pair_ms,adaptive_gate_ms,finite_check_ms,quality_gate_ms,infer_write_ms,skip_write_ms,pair_format,snapshot_bytes,input_plt,pressure_init_file
h15_full_w24d4_p50_step200,1,2,1,,1,0,1,1000,1300,-300,2,0,0,0,-300,-1500,-2750,1650,19300,0,,,,,,,,,,,,,,,,,,,,,,,1747.4363769870251,702.5211099535227,1044.8723790468648,12.251112959347665,0.0,109.29853899870068,0.0,923.2782250037417,0.0,features,14155800,/home/jzh/PINN/LBM/PINN_Poisson/data/multistep_closed_loop/h15_full_w24d4_p50_step200/safe_closed_loop/pairs/pre_poisson/3D000000001.bin,/home/jzh/PINN/LBM/PINN_Poisson/data/multistep_closed_loop/h15_full_w24d4_p50_step200/safe_closed_loop/pressure_init_wait/3D000000001.bin
h15_full_w24d4_p50_step200,2,3,1,,1,0,1,1000,1300,-300,2,0,0,0,-300,-1500,-1750,2800,19650,0,,,,,,,,,,,,,,,,,,,,,,,4662.28533803951,3761.557771009393,900.7066868944094,11.2064469140023,0.0,117.22769599873573,0.0,772.215067059733,0.0,features,14155800,/home/jzh/PINN/LBM/PINN_Poisson/data/multistep_closed_loop/h15_full_w24d4_p50_step200/safe_closed_loop/pairs/pre_poisson/3D000000002.bin,/home/jzh/PINN/LBM/PINN_Poisson/data/multistep_closed_loop/h15_full_w24d4_p50_step200/safe_closed_loop/pressure_init_wait/3D000000002.bin
h15_full_w24d4_p50_step200,3,4,1,,1,0,1,1000,1300,-300,2,0,0,0,-300,-1500,-750,3850,20000,0,,,,,,,,,,,,,,,,,,,,,,,5443.581069004722,3709.4749689567834,1734.0897640679032,5.201872903853655,0.0,106.3487499486655,0.0,1622.4877280183136,0.0,features,14155800,/home/jzh/PINN/LBM/PINN_Poisson/data/multistep_closed_loop/h15_full_w24d4_p50_step200/safe_closed_loop/pairs/pre_poisson/3D000000003.bin,/home/jzh/PINN/LBM/PINN_Poisson/data/multistep_closed_loop/h15_full_w24d4_p50_step200/safe_closed_loop/pressure_init_wait/3D000000003.bin
h15_full_w24d4_p50_step200,4,5,1,,1,0,1,1000,1300,-300,2,0,0,0,-300,-1500,250,3850,20500,0,,,,,,,,,,,,,,,,,,,,,,,6263.841029955074,4612.534258980304,1651.2841220246628,10.149086941964924,0.0,98.04088901728392,0.0,1543.0505409603938,0.0,features,14155800,/home/jzh/PINN/LBM/PINN_Poisson/data/multistep_closed_loop/h15_full_w24d4_p50_step200/safe_closed_loop/pairs/pre_poisson/3D000000004.bin,/home/jzh/PINN/LBM/PINN_Poisson/data/multistep_closed_loop/h15_full_w24d4_p50_step200/safe_closed_loop/pressure_init_wait/3D000000004.bin
h15_full_w24d4_p50_step200,5,6,1,,1,0,1,1000,1300,-300,2,0,0,0,-300,-1500,1250,4950,20850,0,,,,,,,,,,,,,,,,,,,,,,,6334.959449945018,4662.179905921221,1672.756937914528,7.775214035063982,0.0,105.99292896222323,0.0,1558.9412270346656,0.0,features,14155800,/home/jzh/PINN/LBM/PINN_Poisson/data/multistep_closed_loop/h15_full_w24d4_p50_step200/safe_closed_loop/pairs/pre_poisson/3D000000005.bin,/home/jzh/PINN/LBM/PINN_Poisson/data/multistep_closed_loop/h15_full_w24d4_p50_step200/safe_closed_loop/pressure_init_wait/3D000000005.bin
h15_full_w24d4_p50_step200,6,7,1,,1,0,1,1000,1300,-300,2,0,0,0,-300,-1500,550,5950,21200,0,,,,,,,,,,,,,,,,,,,,,,,5614.152775029652,4659.383340040222,954.7513690777123,7.049505948089063,0.0,95.8820830564946,0.0,851.7786309821531,0.0,features,14155800,/home/jzh/PINN/LBM/PINN_Poisson/data/multistep_closed_loop/h15_full_w24d4_p50_step200/safe_closed_loop/pairs/pre_poisson/3D000000006.bin,/home/jzh/PINN/LBM/PINN_Poisson/data/multistep_closed_loop/h15_full_w24d4_p50_step200/safe_closed_loop/pressure_init_wait/3D000000006.bin
h15_full_w24d4_p50_step200,7,8,1,,1,0,1,1000,1300,-300,2,0,0,0,-300,-1500,1400,5950,21550,0,,,,,,,,,,,,,,,,,,,,,,,4529.179462930188,3710.232123034075,818.9113999251276,7.299414020963013,0.0,100.85605294443667,0.0,710.7115749968216,0.0,features,14155800,/home/jzh/PINN/LBM/PINN_Poisson/data/multistep_closed_loop/h15_full_w24d4_p50_step200/safe_closed_loop/pairs/pre_poisson/3D000000007.bin,/home/jzh/PINN/LBM/PINN_Poisson/data/multistep_closed_loop/h15_full_w24d4_p50_step200/safe_closed_loop/pressure_init_wait/3D000000007.bin
h15_full_w24d4_p50_step200,8,9,1,,1,0,1,1000,1300,-300,2,0,0,0,-300,-1500,2450,7050,21950,0,,,,,,,,,,,,,,,,,,,,,,,5577.364197000861,3760.425111046061,1816.9189690379426,9.679836919531226,0.0,103.93849189858884,0.0,1703.2492050202563,0.0,features,14155800,/home/jzh/PINN/LBM/PINN_Poisson/data/multistep_closed_loop/h15_full_w24d4_p50_step200/safe_closed_loop/pairs/pre_poisson/3D000000008.bin,/home/jzh/PINN/LBM/PINN_Poisson/data/multistep_closed_loop/h15_full_w24d4_p50_step200/safe_closed_loop/pressure_init_wait/3D000000008.bin
h15_full_w24d4_p50_step200,9,10,1,,1,0,1,1000,1300,-300,2,0,0,0,-300,-1500,2450,8100,22300,0,,,,,,,,,,,,,,,,,,,,,,,6494.216694962233,4661.689728032798,1832.5083270901814,7.265485008247197,0.0,101.87401308212429,0.0,1723.312511923723,0.0,features,14155800,/home/jzh/PINN/LBM/PINN_Poisson/data/multistep_closed_loop/h15_full_w24d4_p50_step200/safe_closed_loop/pairs/pre_poisson/3D000000009.bin,/home/jzh/PINN/LBM/PINN_Poisson/data/multistep_closed_loop/h15_full_w24d4_p50_step200/safe_closed_loop/pressure_init_wait/3D000000009.bin
h15_full_w24d4_p50_step200,10,11,1,,1,0,1,1000,1300,-300,2,0,0,0,-300,-500,2450,9100,22650,0,,,,,,,,,,,,,,,,,,,,,,,6297.613322967663,4562.018060008995,1735.5729920091107,7.908358005806804,0.0,106.83479392901063,0.0,1620.771337999031,0.0,features,14155800,/home/jzh/PINN/LBM/PINN_Poisson/data/multistep_closed_loop/h15_full_w24d4_p50_step200/safe_closed_loop/pairs/pre_poisson/3D000000010.bin,/home/jzh/PINN/LBM/PINN_Poisson/data/multistep_closed_loop/h15_full_w24d4_p50_step200/safe_closed_loop/pressure_init_wait/3D000000010.bin
h15_full_w24d4_p50_step200,11,12,1,,1,0,1,1000,1300,-300,2,0,0,0,-300,-500,3450,10100,23000,0,,,,,,,,,,,,,,,,,,,,,,,6349.388543982059,4662.144797039218,1687.2241800883785,6.715803989209235,0.0,99.05306005384773,0.0,1581.4122000010684,0.0,features,14155800,/home/jzh/PINN/LBM/PINN_Poisson/data/multistep_closed_loop/h15_full_w24d4_p50_step200/safe_closed_loop/pairs/pre_poisson/3D000000011.bin,/home/jzh/PINN/LBM/PINN_Poisson/data/multistep_closed_loop/h15_full_w24d4_p50_step200/safe_closed_loop/pressure_init_wait/3D000000011.bin
h15_full_w24d4_p50_step200,12,13,1,,1,0,1,1000,1300,-300,2,0,0,0,-300,-500,3450,10100,23350,0,,,,,,,,,,,,,,,,,,,,,,,5629.959943937138,4662.656789063476,967.2831270145252,7.938290946185589,0.0,102.57090395316482,0.0,856.7276269895956,0.0,features,14155800,/home/jzh/PINN/LBM/PINN_Poisson/data/multistep_closed_loop/h15_full_w24d4_p50_step200/safe_closed_loop/pairs/pre_poisson/3D000000012.bin,/home/jzh/PINN/LBM/PINN_Poisson/data/multistep_closed_loop/h15_full_w24d4_p50_step200/safe_closed_loop/pressure_init_wait/3D000000012.bin
h15_full_w24d4_p50_step200,13,14,1,,1,0,1,1000,1300,-300,2,0,0,0,-300,-500,3450,11250,23700,0,,,,,,,,,,,,,,,,,,,,,,,4612.325145979412,3759.4041529810056,852.8943739365786,7.623229990713298,0.0,101.1322820559144,0.0,744.094769936055,0.0,features,14155800,/home/jzh/PINN/LBM/PINN_Poisson/data/multistep_closed_loop/h15_full_w24d4_p50_step200/safe_closed_loop/pairs/pre_poisson/3D000000013.bin,/home/jzh/PINN/LBM/PINN_Poisson/data/multistep_closed_loop/h15_full_w24d4_p50_step200/safe_closed_loop/pressure_init_wait/3D000000013.bin
h15_full_w24d4_p50_step200,14,15,1,,1,0,1,1000,1300,-300,2,0,0,0,700,300,3450,12350,24050,0,,,,,,,,,,,,,,,,,,,,,,,5476.173614966683,3759.972012951039,1716.1824380746111,6.445272010751069,0.0,118.25107305776328,0.0,1591.4335940033197,0.0,features,14155800,/home/jzh/PINN/LBM/PINN_Poisson/data/multistep_closed_loop/h15_full_w24d4_p50_step200/safe_closed_loop/pairs/pre_poisson/3D000000014.bin,/home/jzh/PINN/LBM/PINN_Poisson/data/multistep_closed_loop/h15_full_w24d4_p50_step200/safe_closed_loop/pressure_init_wait/3D000000014.bin
h15_full_w24d4_p50_step200,15,16,1,,1,1,0,1000,300,700,1,1,0,0,-300,-250,2450,12400,23400,0,,,,,,,,,,,,,,,,,,,,,,,5473.722319933586,4656.482871971093,817.2208030009642,5.4545169696211815,0.0,101.43248096574098,0.0,710.2897339500487,0.0,features,14155800,/home/jzh/PINN/LBM/PINN_Poisson/data/multistep_closed_loop/h15_full_w24d4_p50_step200/safe_closed_loop/pairs/pre_poisson/3D000000015.bin,/home/jzh/PINN/LBM/PINN_Poisson/data/multistep_closed_loop/h15_full_w24d4_p50_step200/safe_closed_loop/pressure_init_wait/3D000000015.bin
h15_full_w24d4_p50_step200,16,17,1,,1,0,1,1000,1300,-300,2,0,0,0,-300,750,3450,13450,23750,0,,,,,,,,,,,,,,,,,,,,,,,1775.1392279751599,953.5841699689627,821.5344480704516,9.492737939581275,0.0,99.00077199563384,0.0,712.9949220689014,0.0,features,14155800,/home/jzh/PINN/LBM/PINN_Poisson/data/multistep_closed_loop/h15_full_w24d4_p50_step200/safe_closed_loop/pairs/pre_poisson/3D000000016.bin,/home/jzh/PINN/LBM/PINN_Poisson/data/multistep_closed_loop/h15_full_w24d4_p50_step200/safe_closed_loop/pressure_init_wait/3D000000016.bin
h15_full_w24d4_p50_step200,17,18,1,,1,0,1,1000,1300,-300,2,0,0,0,-300,1750,3450,14500,24100,0,,,,,,,,,,,,,,,,,,,,,,,5470.821824041195,3815.482083009556,1655.3151829866692,7.826921995729208,0.0,101.49903199635446,0.0,1545.9460149286315,0.0,features,14155800,/home/jzh/PINN/LBM/PINN_Poisson/data/multistep_closed_loop/h15_full_w24d4_p50_step200/safe_closed_loop/pairs/pre_poisson/3D000000017.bin,/home/jzh/PINN/LBM/PINN_Poisson/data/multistep_closed_loop/h15_full_w24d4_p50_step200/safe_closed_loop/pressure_init_wait/3D000000017.bin
h15_full_w24d4_p50_step200,18,19,1,,1,0,1,1000,1300,-300,2,0,0,0,500,2750,3450,15550,24350,0,,,,,,,,,,,,,,,,,,,,,,,6314.1537749907,4664.909349987283,1649.224729044363,8.66245198994875,0.0,99.15774501860142,0.0,1541.3625980727375,0.0,features,14155800,/home/jzh/PINN/LBM/PINN_Poisson/data/multistep_closed_loop/h15_full_w24d4_p50_step200/safe_closed_loop/pairs/pre_poisson/3D000000018.bin,/home/jzh/PINN/LBM/PINN_Poisson/data/multistep_closed_loop/h15_full_w24d4_p50_step200/safe_closed_loop/pressure_init_wait/3D000000018.bin
h15_full_w24d4_p50_step200,19,20,1,,1,1,0,800,300,500,1,1,0,0,150,2950,2650,15800,23800,0,,,,,,,,,,,,,,,,,,,,,,,5686.9305178988725,4713.351699989289,973.5583770088851,7.667543948628008,0.0,104.6531080501154,0.0,861.1748369876295,0.0,features,14155800,/home/jzh/PINN/LBM/PINN_Poisson/data/multistep_closed_loop/h15_full_w24d4_p50_step200/safe_closed_loop/pairs/pre_poisson/3D000000019.bin,/home/jzh/PINN/LBM/PINN_Poisson/data/multistep_closed_loop/h15_full_w24d4_p50_step200/safe_closed_loop/pressure_init_wait/3D000000019.bin
h15_full_w24d4_p50_step200,20,21,1,,1,1,0,400,250,150,1,1,0,0,700,3500,3200,16400,23600,1,1.4806960703892554e-05,0.0035915374755859375,1.9867776891755925e-05,2.0131468772888184e-05,0.0020806218394210417,0.00021308660507202148,0.002139326537648494,0.00018869712948799133,0.0011676393164477138,0.00040825456380844116,0.05285250254899327,0.009760111570358276,5.2315980188772494e-09,1,,2,2,6.781684027779011e-05,0.0,0.0,2.696226309925609e-09,3.5233711317000926e-06,2691.0048839636147,953.3187239430845,1737.6650819787756,8.067325921729207,0.0,99.87486700993031,0.0,1629.6760690165684,0.0,features,14155800,/home/jzh/PINN/LBM/PINN_Poisson/data/multistep_closed_loop/h15_full_w24d4_p50_step200/safe_closed_loop/pairs/pre_poisson/3D000000020.bin,/home/jzh/PINN/LBM/PINN_Poisson/data/multistep_closed_loop/h15_full_w24d4_p50_step200/safe_closed_loop/pressure_init_wait/3D000000020.bin
h15_full_w24d4_p50_step200,21,22,1,,1,1,0,1000,300,700,1,1,0,0,700,1800,2200,16500,22700,0,,,,,,,,,,,,,,,,,,,,,,,2619.2537009483203,1804.543477948755,814.6831570193172,6.368022062815726,0.0,99.41944805905223,0.0,708.8498059893027,0.0,features,14155800,/home/jzh/PINN/LBM/PINN_Poisson/data/multistep_closed_loop/h15_full_w24d4_p50_step200/safe_closed_loop/pairs/pre_poisson/3D000000021.bin,/home/jzh/PINN/LBM/PINN_Poisson/data/multistep_closed_loop/h15_full_w24d4_p50_step200/safe_closed_loop/pressure_init_wait/3D000000021.bin
h15_full_w24d4_p50_step200,22,23,1,,1,1,0,1000,300,700,1,1,0,0,700,1650,1200,16600,21900,0,,,,,,,,,,,,,,,,,,,,,,,1772.9381771059707,952.8050740482286,820.1133700786158,6.761730997823179,0.0,101.5159139642492,0.0,711.7868060013279,0.0,features,14155800,/home/jzh/PINN/LBM/PINN_Poisson/data/multistep_closed_loop/h15_full_w24d4_p50_step200/safe_closed_loop/pairs/pre_poisson/3D000000022.bin,/home/jzh/PINN/LBM/PINN_Poisson/data/multistep_closed_loop/h15_full_w24d4_p50_step200/safe_closed_loop/pressure_init_wait/3D000000022.bin
h15_full_w24d4_p50_step200,23,24,1,,1,1,0,1000,300,700,1,1,0,0,700,1700,1200,16700,21100,0,,,,,,,,,,,,,,,,,,,,,,,2632.0761509705335,952.9772100504488,1679.078563931398,7.610626053065062,0.0,105.98542902152985,0.0,1565.436452976428,0.0,features,14155800,/home/jzh/PINN/LBM/PINN_Poisson/data/multistep_closed_loop/h15_full_w24d4_p50_step200/safe_closed_loop/pairs/pre_poisson/3D000000023.bin,/home/jzh/PINN/LBM/PINN_Poisson/data/multistep_closed_loop/h15_full_w24d4_p50_step200/safe_closed_loop/pressure_init_wait/3D000000023.bin
h15_full_w24d4_p50_step200,24,25,1,,1,1,0,1000,300,700,1,1,0,0,700,700,200,16450,20300,0,,,,,,,,,,,,,,,,,,,,,,,2744.597941986285,1906.9728209869936,837.6061230665073,6.961407954804599,0.0,109.80181396007538,0.0,720.7869170233607,0.0,features,14155800,/home/jzh/PINN/LBM/PINN_Poisson/data/multistep_closed_loop/h15_full_w24d4_p50_step200/safe_closed_loop/pairs/pre_poisson/3D000000024.bin,/home/jzh/PINN/LBM/PINN_Poisson/data/multistep_closed_loop/h15_full_w24d4_p50_step200/safe_closed_loop/pressure_init_wait/3D000000024.bin
h15_full_w24d4_p50_step200,25,26,1,,1,1,0,1000,300,700,1,1,0,0,-1000,-300,200,16200,19500,0,,,,,,,,,,,,,,,,,,,,,,,1771.6815830208361,953.1870980281383,818.4751470107585,8.095656987279654,0.0,103.54087804444134,0.0,706.7910000914708,0.0,features,14155800,/home/jzh/PINN/LBM/PINN_Poisson/data/multistep_closed_loop/h15_full_w24d4_p50_step200/safe_closed_loop/pairs/pre_poisson/3D000000025.bin,/home/jzh/PINN/LBM/PINN_Poisson/data/multistep_closed_loop/h15_full_w24d4_p50_step200/safe_closed_loop/pressure_init_wait/3D000000025.bin
h15_full_w24d4_p50_step200,26,27,1,,1,0,1,300,1300,-1000,2,0,0,0,550,1400,900,17450,20500,0,,,,,,,,,,,,,,,,,,,,,,,2667.252868064679,952.5020309956744,1714.729979983531,5.93901495449245,0.0,99.74864893592894,0.0,1608.9964089915156,0.0,features,14155800,/home/jzh/PINN/LBM/PINN_Poisson/data/multistep_closed_loop/h15_full_w24d4_p50_step200/safe_closed_loop/pairs/pre_poisson/3D000000026.bin,/home/jzh/PINN/LBM/PINN_Poisson/data/multistep_closed_loop/h15_full_w24d4_p50_step200/safe_closed_loop/pressure_init_wait/3D000000026.bin
h15_full_w24d4_p50_step200,27,28,1,,1,1,0,700,150,550,1,1,0,0,750,550,1150,17250,19950,0,,,,,,,,,,,,,,,,,,,,,,,5575.539176003076,4612.2373909456655,963.2821331033483,5.8205940295010805,0.0,102.6662279618904,0.0,854.7531049698591,0.0,features,14155800,/home/jzh/PINN/LBM/PINN_Poisson/data/multistep_closed_loop/h15_full_w24d4_p50_step200/safe_closed_loop/pairs/pre_poisson/3D000000027.bin,/home/jzh/PINN/LBM/PINN_Poisson/data/multistep_closed_loop/h15_full_w24d4_p50_step200/safe_closed_loop/pressure_init_wait/3D000000027.bin
h15_full_w24d4_p50_step200,28,29,1,,1,1,0,1000,250,750,1,1,0,0,-300,-500,100,16650,19200,0,,,,,,,,,,,,,,,,,,,,,,,1385.4311399627477,552.0678840111941,833.3446580218151,7.224966073408723,0.0,100.10146407876164,0.0,725.9692880325019,0.0,features,14155800,/home/jzh/PINN/LBM/PINN_Poisson/data/multistep_closed_loop/h15_full_w24d4_p50_step200/safe_closed_loop/pairs/pre_poisson/3D000000028.bin,/home/jzh/PINN/LBM/PINN_Poisson/data/multistep_closed_loop/h15_full_w24d4_p50_step200/safe_closed_loop/pressure_init_wait/3D000000028.bin
h15_full_w24d4_p50_step200,29,30,1,,1,0,1,1000,1300,-300,2,0,0,0,-300,-500,1200,17200,19500,0,,,,,,,,,,,,,,,,,,,,,,,1624.7851069783792,802.9500599950552,821.8095349147916,6.583254900760949,0.0,96.81999601889402,0.0,718.3599749114364,0.0,features,14155800,/home/jzh/PINN/LBM/PINN_Poisson/data/multistep_closed_loop/h15_full_w24d4_p50_step200/safe_closed_loop/pairs/pre_poisson/3D000000029.bin,/home/jzh/PINN/LBM/PINN_Poisson/data/multistep_closed_loop/h15_full_w24d4_p50_step200/safe_closed_loop/pressure_init_wait/3D000000029.bin
h15_full_w24d4_p50_step200,30,31,1,,1,0,1,1000,1300,-300,2,0,0,0,700,-500,2200,17650,19400,0,,,,,,,,,,,,,,,,,,,,,,,4588.821324985474,3762.439901009202,826.35611994192,7.365404977463186,0.0,100.2561260247603,0.0,718.686776002869,0.0,features,14155800,/home/jzh/PINN/LBM/PINN_Poisson/data/multistep_closed_loop/h15_full_w24d4_p50_step200/safe_closed_loop/pairs/pre_poisson/3D000000030.bin,/home/jzh/PINN/LBM/PINN_Poisson/data/multistep_closed_loop/h15_full_w24d4_p50_step200/safe_closed_loop/pressure_init_wait/3D000000030.bin
h15_full_w24d4_p50_step200,31,32,1,,1,1,0,1000,300,700,1,1,0,0,-300,-500,1200,17100,18600,0,,,,,,,,,,,,,,,,,,,,,,,4580.722642014734,3761.671851039864,819.0187989966944,7.795386016368866,0.0,102.88446303457022,0.0,708.2924279384315,0.0,features,14155800,/home/jzh/PINN/LBM/PINN_Poisson/data/multistep_closed_loop/h15_full_w24d4_p50_step200/safe_closed_loop/pairs/pre_poisson/3D000000031.bin,/home/jzh/PINN/LBM/PINN_Poisson/data/multistep_closed_loop/h15_full_w24d4_p50_step200/safe_closed_loop/pressure_init_wait/3D000000031.bin
h15_full_w24d4_p50_step200,32,33,1,,1,0,1,1000,1300,-300,2,0,0,0,-300,-500,2350,17550,18800,0,,,,,,,,,,,,,,,,,,,,,,,1792.8086399333552,953.3107730094343,839.4755669869483,8.686213055625558,0.0,106.2064259313047,0.0,724.5165640488267,0.0,features,14155800,/home/jzh/PINN/LBM/PINN_Poisson/data/multistep_closed_loop/h15_full_w24d4_p50_step200/safe_closed_loop/pairs/pre_poisson/3D000000032.bin,/home/jzh/PINN/LBM/PINN_Poisson/data/multistep_closed_loop/h15_full_w24d4_p50_step200/safe_closed_loop/pressure_init_wait/3D000000032.bin
h15_full_w24d4_p50_step200,33,34,1,,1,0,1,1000,1300,-300,2,0,0,0,-300,-500,3400,18000,19000,0,,,,,,,,,,,,,,,,,,,,,,,4691.3657520199195,3711.955311940983,979.3821120401844,6.494625937193632,0.0,108.56600699480623,0.0,864.2713479930535,0.0,features,14155800,/home/jzh/PINN/LBM/PINN_Poisson/data/multistep_closed_loop/h15_full_w24d4_p50_step200/safe_closed_loop/pairs/pre_poisson/3D000000033.bin,/home/jzh/PINN/LBM/PINN_Poisson/data/multistep_closed_loop/h15_full_w24d4_p50_step200/safe_closed_loop/pressure_init_wait/3D000000033.bin
h15_full_w24d4_p50_step200,34,35,1,,1,0,1,1000,1300,-300,2,0,0,0,-300,-500,3400,18450,19200,0,,,,,,,,,,,,,,,,,,,,,,,6093.73299498111,5259.850076050498,833.8638540590182,8.975611999630928,0.0,101.99101991020143,0.0,722.8527601109818,0.0,features,14155800,/home/jzh/PINN/LBM/PINN_Poisson/data/multistep_closed_loop/h15_full_w24d4_p50_step200/safe_closed_loop/pairs/pre_poisson/3D000000034.bin,/home/jzh/PINN/LBM/PINN_Poisson/data/multistep_closed_loop/h15_full_w24d4_p50_step200/safe_closed_loop/pressure_init_wait/3D000000034.bin
h15_full_w24d4_p50_step200,35,36,1,,1,0,1,1000,1300,-300,2,0,0,0,700,500,4500,18800,19400,0,,,,,,,,,,,,,,,,,,,,,,,5424.97335805092,3708.0702629173175,1716.8837629724294,7.382113020867109,0.0,96.62619302980602,0.0,1612.8294439986348,0.0,features,14155800,/home/jzh/PINN/LBM/PINN_Poisson/data/multistep_closed_loop/h15_full_w24d4_p50_step200/safe_closed_loop/pairs/pre_poisson/3D000000035.bin,/home/jzh/PINN/LBM/PINN_Poisson/data/multistep_closed_loop/h15_full_w24d4_p50_step200/safe_closed_loop/pressure_init_wait/3D000000035.bin
h15_full_w24d4_p50_step200,36,37,1,,1,1,0,1000,300,700,1,1,0,0,-300,-500,4500,18300,18600,0,,,,,,,,,,,,,,,,,,,,,,,5493.025801028125,4663.20474492386,829.7977289184928,9.50533605646342,0.0,100.8724479470402,0.0,719.3755799671635,0.0,features,14155800,/home/jzh/PINN/LBM/PINN_Poisson/data/multistep_closed_loop/h15_full_w24d4_p50_step200/safe_closed_loop/pairs/pre_poisson/3D000000036.bin,/home/jzh/PINN/LBM/PINN_Poisson/data/multistep_closed_loop/h15_full_w24d4_p50_step200/safe_closed_loop/pressure_init_wait/3D000000036.bin
h15_full_w24d4_p50_step200,37,38,1,,1,0,1,1000,1300,-300,2,0,0,0,-300,-500,4500,18650,18800,0,,,,,,,,,,,,,,,,,,,,,,,1848.9805780118331,1003.1292920466512,845.8307270193473,5.949500948190689,0.0,110.84384098649025,0.0,728.9878049632534,0.0,features,14155800,/home/jzh/PINN/LBM/PINN_Poisson/data/multistep_closed_loop/h15_full_w24d4_p50_step200/safe_closed_loop/pairs/pre_poisson/3D000000037.bin,/home/jzh/PINN/LBM/PINN_Poisson/data/multistep_closed_loop/h15_full_w24d4_p50_step200/safe_closed_loop/pressure_init_wait/3D000000037.bin
h15_full_w24d4_p50_step200,38,39,1,,1,0,1,1000,1300,-300,2,0,0,0,-300,500,5600,19000,19000,0,,,,,,,,,,,,,,,,,,,,,,,4575.915697962046,3758.5964670870453,817.2942410456017,6.997097050771117,0.0,104.4977679848671,0.0,705.7551119942218,0.0,features,14155800,/home/jzh/PINN/LBM/PINN_Poisson/data/multistep_closed_loop/h15_full_w24d4_p50_step200/safe_closed_loop/pairs/pre_poisson/3D000000038.bin,/home/jzh/PINN/LBM/PINN_Poisson/data/multistep_closed_loop/h15_full_w24d4_p50_step200/safe_closed_loop/pressure_init_wait/3D000000038.bin
h15_full_w24d4_p50_step200,39,40,1,,1,0,1,1000,1300,-300,2,0,0,0,700,500,6650,19400,19200,0,,,,,,,,,,,,,,,,,,,,,,,4581.736007006839,3759.2143759829924,822.4998320220038,7.695465930737555,0.0,107.50420100521296,0.0,707.2520690271631,0.0,features,14155800,/home/jzh/PINN/LBM/PINN_Poisson/data/multistep_closed_loop/h15_full_w24d4_p50_step200/safe_closed_loop/pairs/pre_poisson/3D000000039.bin,/home/jzh/PINN/LBM/PINN_Poisson/data/multistep_closed_loop/h15_full_w24d4_p50_step200/safe_closed_loop/pressure_init_wait/3D000000039.bin
h15_full_w24d4_p50_step200,40,41,1,,1,1,0,1000,300,700,1,1,0,0,-300,500,6650,18750,18400,0,,,,,,,,,,,,,,,,,,,,,,,4701.946152024902,3759.750175056979,942.178099998273,7.070600986480713,0.0,99.1453230381012,0.0,835.9136610524729,0.0,features,14155800,/home/jzh/PINN/LBM/PINN_Poisson/data/multistep_closed_loop/h15_full_w24d4_p50_step200/safe_closed_loop/pairs/pre_poisson/3D000000040.bin,/home/jzh/PINN/LBM/PINN_Poisson/data/multistep_closed_loop/h15_full_w24d4_p50_step200/safe_closed_loop/pressure_init_wait/3D000000040.bin
h15_full_w24d4_p50_step200,41,42,1,,1,0,1,1000,1300,-300,2,0,0,0,-300,500,7650,19100,18600,0,,,,,,,,,,,,,,,,,,,,,,,2594.785714056343,953.065647976473,1641.698602004908,7.599350996315479,0.0,98.68489601649344,0.0,1535.3668209863827,0.0,features,14155800,/home/jzh/PINN/LBM/PINN_Poisson/data/multistep_closed_loop/h15_full_w24d4_p50_step200/safe_closed_loop/pairs/pre_poisson/3D000000041.bin,/home/jzh/PINN/LBM/PINN_Poisson/data/multistep_closed_loop/h15_full_w24d4_p50_step200/safe_closed_loop/pressure_init_wait/3D000000041.bin
h15_full_w24d4_p50_step200,42,43,1,,1,0,1,1000,1300,-300,2,0,0,0,700,1600,7650,19500,18800,0,,,,,,,,,,,,,,,,,,,,,,,5461.34091890417,4615.448086988181,845.8700419869274,9.210822987370193,0.0,100.77101504430175,0.0,735.8343190280721,0.0,features,14155800,/home/jzh/PINN/LBM/PINN_Poisson/data/multistep_closed_loop/h15_full_w24d4_p50_step200/safe_closed_loop/pairs/pre_poisson/3D000000042.bin,/home/jzh/PINN/LBM/PINN_Poisson/data/multistep_closed_loop/h15_full_w24d4_p50_step200/safe_closed_loop/pressure_init_wait/3D000000042.bin
h15_full_w24d4_p50_step200,43,44,1,,1,1,0,1000,300,700,1,1,0,0,-300,600,7800,18850,18000,0,,,,,,,,,,,,,,,,,,,,,,,4591.988049913198,3763.0047359270975,828.9642839226872,5.564998951740563,0.0,99.02588708791882,0.0,724.3315329542384,0.0,features,14155800,/home/jzh/PINN/LBM/PINN_Poisson/data/multistep_closed_loop/h15_full_w24d4_p50_step200/safe_closed_loop/pairs/pre_poisson/3D000000043.bin,/home/jzh/PINN/LBM/PINN_Poisson/data/multistep_closed_loop/h15_full_w24d4_p50_step200/safe_closed_loop/pressure_init_wait/3D000000043.bin
h15_full_w24d4_p50_step200,44,45,1,,1,0,1,1000,1300,-300,2,0,0,0,700,1700,8900,19200,18300,0,,,,,,,,,,,,,,,,,,,,,,,1841.986496001482,952.7722360799089,889.1936059808359,5.82226098049432,0.0,106.60050204023719,0.0,776.7230130266398,0.0,features,14155800,/home/jzh/PINN/LBM/PINN_Poisson/data/multistep_closed_loop/h15_full_w24d4_p50_step200/safe_closed_loop/pairs/pre_poisson/3D000000044.bin,/home/jzh/PINN/LBM/PINN_Poisson/data/multistep_closed_loop/h15_full_w24d4_p50_step200/safe_closed_loop/pressure_init_wait/3D000000044.bin
h15_full_w24d4_p50_step200,45,46,1,,1,1,0,1000,300,700,1,1,0,0,-300,1700,8950,18550,17600,0,,,,,,,,,,,,,,,,,,,,,,,4776.721473084763,3759.3858629697934,1017.3140109982342,7.100690971128643,0.0,105.55540700443089,0.0,904.6048930613324,0.0,features,14155800,/home/jzh/PINN/LBM/PINN_Poisson/data/multistep_closed_loop/h15_full_w24d4_p50_step200/safe_closed_loop/pairs/pre_poisson/3D000000045.bin,/home/jzh/PINN/LBM/PINN_Poisson/data/multistep_closed_loop/h15_full_w24d4_p50_step200/safe_closed_loop/pressure_init_wait/3D000000045.bin
h15_full_w24d4_p50_step200,46,47,1,,1,0,1,1000,1300,-300,2,0,0,0,800,1700,10000,18950,17900,0,,,,,,,,,,,,,,,,,,,,,,,1758.3086870145053,951.8012650078163,806.4883749466389,8.381607010960579,0.0,99.97682203538716,0.0,698.0734210228547,0.0,features,14155800,/home/jzh/PINN/LBM/PINN_Poisson/data/multistep_closed_loop/h15_full_w24d4_p50_step200/safe_closed_loop/pairs/pre_poisson/3D000000046.bin,/home/jzh/PINN/LBM/PINN_Poisson/data/multistep_closed_loop/h15_full_w24d4_p50_step200/safe_closed_loop/pressure_init_wait/3D000000046.bin
h15_full_w24d4_p50_step200,47,48,1,,1,1,0,1000,200,800,1,1,0,0,-300,1750,9950,18200,17100,0,,,,,,,,,,,,,,,,,,,,,,,4702.695915941149,3758.589335018769,944.086660980247,7.730753975920379,0.0,123.66438400931656,0.0,812.6350520178676,0.0,features,14155800,/home/jzh/PINN/LBM/PINN_Poisson/data/multistep_closed_loop/h15_full_w24d4_p50_step200/safe_closed_loop/pairs/pre_poisson/3D000000047.bin,/home/jzh/PINN/LBM/PINN_Poisson/data/multistep_closed_loop/h15_full_w24d4_p50_step200/safe_closed_loop/pressure_init_wait/3D000000047.bin
h15_full_w24d4_p50_step200,48,49,1,,1,0,1,1000,1300,-300,2,0,0,0,800,2800,11000,18550,17400,0,,,,,,,,,,,,,,,,,,,,,,,1587.4851739499718,702.1657169098035,885.2961719967425,8.382961968891323,0.0,101.06168605852872,0.0,775.8025199873373,0.0,features,14155800,/home/jzh/PINN/LBM/PINN_Poisson/data/multistep_closed_loop/h15_full_w24d4_p50_step200/safe_closed_loop/pairs/pre_poisson/3D000000048.bin,/home/jzh/PINN/LBM/PINN_Poisson/data/multistep_closed_loop/h15_full_w24d4_p50_step200/safe_closed_loop/pressure_init_wait/3D000000048.bin
h15_full_w24d4_p50_step200,49,50,1,,1,1,0,1000,200,800,1,1,0,0,700,1700,10950,17800,16600,0,,,,,,,,,,,,,,,,,,,,,,,4652.65072893817,3759.594352100976,893.0302610388026,5.018672090955079,0.0,97.2332441015169,0.0,790.7360950484872,0.0,features,14155800,/home/jzh/PINN/LBM/PINN_Poisson/data/multistep_closed_loop/h15_full_w24d4_p50_step200/safe_closed_loop/pairs/pre_poisson/3D000000049.bin,/home/jzh/PINN/LBM/PINN_Poisson/data/multistep_closed_loop/h15_full_w24d4_p50_step200/safe_closed_loop/pressure_init_wait/3D000000049.bin
h15_full_w24d4_p50_step200,50,51,1,,1,1,0,1000,300,700,1,1,0,0,-300,1800,11000,17300,15900,0,,,,,,,,,,,,,,,,,,,,,,,1597.3980189301074,702.6384549681097,894.7361781029031,9.864864055998623,0.0,107.99907997716218,0.0,776.8205999163911,0.0,features,14155800,/home/jzh/PINN/LBM/PINN_Poisson/data/multistep_closed_loop/h15_full_w24d4_p50_step200/safe_closed_loop/pairs/pre_poisson/3D000000050.bin,/home/jzh/PINN/LBM/PINN_Poisson/data/multistep_closed_loop/h15_full_w24d4_p50_step200/safe_closed_loop/pressure_init_wait/3D000000050.bin
h15_full_w24d4_p50_step200,51,52,1,,1,0,1,1000,1300,-300,2,0,0,0,850,2800,12100,17650,16200,0,,,,,,,,,,,,,,,,,,,,,,,1839.0045589767396,952.2951040416956,886.6865820018575,7.318770978599787,0.0,106.10248404555023,0.0,773.2116600964218,0.0,features,14155800,/home/jzh/PINN/LBM/PINN_Poisson/data/multistep_closed_loop/h15_full_w24d4_p50_step200/safe_closed_loop/pairs/pre_poisson/3D000000051.bin,/home/jzh/PINN/LBM/PINN_Poisson/data/multistep_closed_loop/h15_full_w24d4_p50_step200/safe_closed_loop/pressure_init_wait/3D000000051.bin
h15_full_w24d4_p50_step200,52,53,1,,1,1,0,1000,150,850,1,1,0,0,750,1650,12050,16850,15350,0,,,,,,,,,,,,,,,,,,,,,,,4832.424007006921,3761.9049130007625,1070.4968459904194,8.175233961082995,0.0,102.59019292425364,0.0,959.6859010634944,0.0,features,14155800,/home/jzh/PINN/LBM/PINN_Poisson/data/multistep_closed_loop/h15_full_w24d4_p50_step200/safe_closed_loop/pairs/pre_poisson/3D000000052.bin,/home/jzh/PINN/LBM/PINN_Poisson/data/multistep_closed_loop/h15_full_w24d4_p50_step200/safe_closed_loop/pressure_init_wait/3D000000052.bin
h15_full_w24d4_p50_step200,53,54,1,,1,1,0,1000,250,750,1,1,0,0,-300,1700,12100,16150,14600,0,,,,,,,,,,,,,,,,,,,,,,,2876.074717962183,2006.9445380941033,869.1084010060877,7.960494025610387,0.0,105.60338699724525,0.0,755.4907780140638,0.0,features,14155800,/home/jzh/PINN/LBM/PINN_Poisson/data/multistep_closed_loop/h15_full_w24d4_p50_step200/safe_closed_loop/pairs/pre_poisson/3D000000053.bin,/home/jzh/PINN/LBM/PINN_Poisson/data/multistep_closed_loop/h15_full_w24d4_p50_step200/safe_closed_loop/pressure_init_wait/3D000000053.bin
h15_full_w24d4_p50_step200,54,55,1,,1,0,1,1000,1300,-300,2,0,0,0,800,2750,12850,16650,14900,0,,,,,,,,,,,,,,,,,,,,,,,1749.6126849437132,852.3136649746448,897.2758840536699,8.74801306053996,0.0,102.50654094852507,0.0,785.9751239884645,0.0,features,14155800,/home/jzh/PINN/LBM/PINN_Poisson/data/multistep_closed_loop/h15_full_w24d4_p50_step200/safe_closed_loop/pairs/pre_poisson/3D000000054.bin,/home/jzh/PINN/LBM/PINN_Poisson/data/multistep_closed_loop/h15_full_w24d4_p50_step200/safe_closed_loop/pressure_init_wait/3D000000054.bin
h15_full_w24d4_p50_step200,55,56,1,,1,1,0,1000,200,800,1,1,0,0,700,2650,12500,15900,14100,0,,,,,,,,,,,,,,,,,,,,,,,4647.3816559882835,3761.458755005151,885.9009890584275,7.66783591825515,0.0,99.6703130658716,0.0,778.5207179840654,0.0,features,14155800,/home/jzh/PINN/LBM/PINN_Poisson/data/multistep_closed_loop/h15_full_w24d4_p50_step200/safe_closed_loop/pairs/pre_poisson/3D000000055.bin,/home/jzh/PINN/LBM/PINN_Poisson/data/multistep_closed_loop/h15_full_w24d4_p50_step200/safe_closed_loop/pressure_init_wait/3D000000055.bin
h15_full_w24d4_p50_step200,56,57,1,,1,1,0,1000,300,700,1,1,0,0,-300,2650,12050,15250,13400,0,,,,,,,,,,,,,,,,,,,,,,,1586.3011429319158,702.712049940601,883.5660530021414,9.855389944277704,0.0,100.14538001269102,0.0,773.5077539691702,0.0,features,14155800,/home/jzh/PINN/LBM/PINN_Poisson/data/multistep_closed_loop/h15_full_w24d4_p50_step200/safe_closed_loop/pairs/pre_poisson/3D000000056.bin,/home/jzh/PINN/LBM/PINN_Poisson/data/multistep_closed_loop/h15_full_w24d4_p50_step200/safe_closed_loop/pressure_init_wait/3D000000056.bin
h15_full_w24d4_p50_step200,57,58,1,,1,0,1,1000,1300,-300,2,0,0,0,800,2650,12700,15600,13700,0,,,,,,,,,,,,,,,,,,,,,,,1834.4091840554029,953.2948370324448,881.0927140293643,7.417900022119284,0.0,101.50255705229938,0.0,772.1244000131264,0.0,features,14155800,/home/jzh/PINN/LBM/PINN_Poisson/data/multistep_closed_loop/h15_full_w24d4_p50_step200/safe_closed_loop/pairs/pre_poisson/3D000000057.bin,/home/jzh/PINN/LBM/PINN_Poisson/data/multistep_closed_loop/h15_full_w24d4_p50_step200/safe_closed_loop/pressure_init_wait/3D000000057.bin
h15_full_w24d4_p50_step200,58,59,1,,1,1,0,1000,200,800,1,1,0,0,750,2700,12050,14900,12900,0,,,,,,,,,,,,,,,,,,,,,,,5499.796253046952,3760.9960839617997,1738.7752230279148,9.677893947809935,0.0,96.62354306783527,0.0,1632.4216090142727,0.0,features,14155800,/home/jzh/PINN/LBM/PINN_Poisson/data/multistep_closed_loop/h15_full_w24d4_p50_step200/safe_closed_loop/pairs/pre_poisson/3D000000058.bin,/home/jzh/PINN/LBM/PINN_Poisson/data/multistep_closed_loop/h15_full_w24d4_p50_step200/safe_closed_loop/pressure_init_wait/3D000000058.bin
h15_full_w24d4_p50_step200,59,60,1,,1,1,0,1000,250,750,1,1,0,0,700,2750,11550,14200,12150,0,,,,,,,,,,,,,,,,,,,,,,,2473.0462579755113,1604.089263943024,868.9329540356994,6.382121006026864,0.0,99.42192200105637,0.0,763.08585901279,0.0,features,14155800,/home/jzh/PINN/LBM/PINN_Poisson/data/multistep_closed_loop/h15_full_w24d4_p50_step200/safe_closed_loop/pairs/pre_poisson/3D000000059.bin,/home/jzh/PINN/LBM/PINN_Poisson/data/multistep_closed_loop/h15_full_w24d4_p50_step200/safe_closed_loop/pressure_init_wait/3D000000059.bin
h15_full_w24d4_p50_step200,60,61,1,,1,1,0,1000,300,700,1,1,0,0,700,2800,11000,13550,11450,0,,,,,,,,,,,,,,,,,,,,,,,1731.256206985563,852.1287749754265,879.1057770140469,8.894736994989216,0.0,101.37422604020685,0.0,768.7868390930817,0.0,features,14155800,/home/jzh/PINN/LBM/PINN_Poisson/data/multistep_closed_loop/h15_full_w24d4_p50_step200/safe_closed_loop/pairs/pre_poisson/3D000000060.bin,/home/jzh/PINN/LBM/PINN_Poisson/data/multistep_closed_loop/h15_full_w24d4_p50_step200/safe_closed_loop/pressure_init_wait/3D000000060.bin
h15_full_w24d4_p50_step200,61,62,1,,1,1,0,1000,300,700,1,1,0,0,-300,2850,10450,12900,10750,0,,,,,,,,,,,,,,,,,,,,,,,2008.4761389298365,952.01425999403,1056.435903068632,7.437634048983455,0.0,112.38068307284266,0.0,936.5654600551352,0.0,features,14155800,/home/jzh/PINN/LBM/PINN_Poisson/data/multistep_closed_loop/h15_full_w24d4_p50_step200/safe_closed_loop/pairs/pre_poisson/3D000000061.bin,/home/jzh/PINN/LBM/PINN_Poisson/data/multistep_closed_loop/h15_full_w24d4_p50_step200/safe_closed_loop/pressure_init_wait/3D000000061.bin
h15_full_w24d4_p50_step200,62,63,1,,1,0,1,1000,1300,-300,2,0,0,0,850,3900,10900,13250,11050,0,,,,,,,,,,,,,,,,,,,,,,,3297.0939809456468,2407.96931902878,889.1017319401726,7.5405919924378395,0.0,108.82651002611965,0.0,772.6851140614599,0.0,features,14155800,/home/jzh/PINN/LBM/PINN_Poisson/data/multistep_closed_loop/h15_full_w24d4_p50_step200/safe_closed_loop/pairs/pre_poisson/3D000000062.bin,/home/jzh/PINN/LBM/PINN_Poisson/data/multistep_closed_loop/h15_full_w24d4_p50_step200/safe_closed_loop/pressure_init_wait/3D000000062.bin
h15_full_w24d4_p50_step200,63,64,1,,1,1,0,1000,150,850,1,1,0,0,800,3800,10200,12450,10200,0,,,,,,,,,,,,,,,,,,,,,,,4696.737504098564,3762.5186840305105,934.1951959067956,5.7401880621910095,0.0,99.75756099447608,0.0,828.6519360262901,0.0,features,14155800,/home/jzh/PINN/LBM/PINN_Poisson/data/multistep_closed_loop/h15_full_w24d4_p50_step200/safe_closed_loop/pairs/pre_poisson/3D000000063.bin,/home/jzh/PINN/LBM/PINN_Poisson/data/multistep_closed_loop/h15_full_w24d4_p50_step200/safe_closed_loop/pressure_init_wait/3D000000063.bin
h15_full_w24d4_p50_step200,64,65,1,,1,1,0,1000,200,800,1,1,0,0,750,3750,9550,11700,9400,0,,,,,,,,,,,,,,,,,,,,,,,1417.3869269434363,552.2221579449251,865.1452009798959,8.975729928351939,0.0,102.16803092043847,0.0,753.9543349994346,0.0,features,14155800,/home/jzh/PINN/LBM/PINN_Poisson/data/multistep_closed_loop/h15_full_w24d4_p50_step200/safe_closed_loop/pairs/pre_poisson/3D000000064.bin,/home/jzh/PINN/LBM/PINN_Poisson/data/multistep_closed_loop/h15_full_w24d4_p50_step200/safe_closed_loop/pressure_init_wait/3D000000064.bin
h15_full_w24d4_p50_step200,65,66,1,,1,1,0,1000,250,750,1,1,0,0,750,3750,8850,11000,8650,0,,,,,,,,,,,,,,,,,,,,,,,1533.7748639285564,702.4260320467874,831.3286380143836,7.106769946403801,0.0,101.52329597622156,0.0,722.6514570647851,0.0,features,14155800,/home/jzh/PINN/LBM/PINN_Poisson/data/multistep_closed_loop/h15_full_w24d4_p50_step200/safe_closed_loop/pairs/pre_poisson/3D000000065.bin,/home/jzh/PINN/LBM/PINN_Poisson/data/multistep_closed_loop/h15_full_w24d4_p50_step200/safe_closed_loop/pressure_init_wait/3D000000065.bin
h15_full_w24d4_p50_step200,66,67,1,,1,1,0,1000,250,750,1,1,0,0,750,3800,8300,10300,7900,0,,,,,,,,,,,,,,,,,,,,,,,1783.5124629782513,802.8983320109546,980.5952940369025,7.14270502794534,0.0,96.87880903948098,0.0,876.5316359931603,0.0,features,14155800,/home/jzh/PINN/LBM/PINN_Poisson/data/multistep_closed_loop/h15_full_w24d4_p50_step200/safe_closed_loop/pairs/pre_poisson/3D000000066.bin,/home/jzh/PINN/LBM/PINN_Poisson/data/multistep_closed_loop/h15_full_w24d4_p50_step200/safe_closed_loop/pressure_init_wait/3D000000066.bin
h15_full_w24d4_p50_step200,67,68,1,,1,1,0,1000,250,750,1,1,0,0,750,3850,7600,9600,7150,0,,,,,,,,,,,,,,,,,,,,,,,4097.162273945287,2305.8534041047096,1791.2902020616457,5.519786034710705,0.0,111.23396398033947,0.0,1674.4903159560636,0.0,features,14155800,/home/jzh/PINN/LBM/PINN_Poisson/data/multistep_closed_loop/h15_full_w24d4_p50_step200/safe_closed_loop/pairs/pre_poisson/3D000000067.bin,/home/jzh/PINN/LBM/PINN_Poisson/data/multistep_closed_loop/h15_full_w24d4_p50_step200/safe_closed_loop/pressure_init_wait/3D000000067.bin
h15_full_w24d4_p50_step200,68,69,1,,1,1,0,1000,250,750,1,1,0,0,750,3900,6900,8800,6400,0,,,,,,,,,,,,,,,,,,,,,,,2583.296057069674,1706.019407021813,877.2564909886569,8.901807013899088,0.0,101.00488306488842,0.0,767.3014529282227,0.0,features,14155800,/home/jzh/PINN/LBM/PINN_Poisson/data/multistep_closed_loop/h15_full_w24d4_p50_step200/safe_closed_loop/pairs/pre_poisson/3D000000068.bin,/home/jzh/PINN/LBM/PINN_Poisson/data/multistep_closed_loop/h15_full_w24d4_p50_step200/safe_closed_loop/pressure_init_wait/3D000000068.bin
h15_full_w24d4_p50_step200,69,70,1,,1,1,0,1000,250,750,1,1,0,0,750,3600,6250,8000,4950,0,,,,,,,,,,,,,,,,,,,,,,,1740.8196269534528,852.5794920278713,888.2201500236988,6.4020720310509205,0.0,106.76634090486914,0.0,774.9982730019838,0.0,features,14155800,/home/jzh/PINN/LBM/PINN_Poisson/data/multistep_closed_loop/h15_full_w24d4_p50_step200/safe_closed_loop/pairs/pre_poisson/3D000000069.bin,/home/jzh/PINN/LBM/PINN_Poisson/data/multistep_closed_loop/h15_full_w24d4_p50_step200/safe_closed_loop/pressure_init_wait/3D000000069.bin
h15_full_w24d4_p50_step200,70,71,1,,1,1,0,1000,250,750,1,1,0,0,800,3300,5550,7200,4100,0,,,,,,,,,,,,,,,,,,,,,,,1639.074713923037,802.5984230916947,836.4308800082654,8.476431015878916,0.0,100.7382629904896,0.0,727.1692639915273,0.0,features,14155800,/home/jzh/PINN/LBM/PINN_Poisson/data/multistep_closed_loop/h15_full_w24d4_p50_step200/safe_closed_loop/pairs/pre_poisson/3D000000070.bin,/home/jzh/PINN/LBM/PINN_Poisson/data/multistep_closed_loop/h15_full_w24d4_p50_step200/safe_closed_loop/pressure_init_wait/3D000000070.bin
h15_full_w24d4_p50_step200,71,72,1,,1,1,0,1000,200,800,1,1,0,0,800,2750,4800,6200,3200,0,,,,,,,,,,,,,,,,,,,,,,,1743.3718011016026,852.4250240297988,890.9260049695149,6.048132083378732,0.0,119.92377997376025,0.0,764.8963110987097,0.0,features,14155800,/home/jzh/PINN/LBM/PINN_Poisson/data/multistep_closed_loop/h15_full_w24d4_p50_step200/safe_closed_loop/pairs/pre_poisson/3D000000071.bin,/home/jzh/PINN/LBM/PINN_Poisson/data/multistep_closed_loop/h15_full_w24d4_p50_step200/safe_closed_loop/pressure_init_wait/3D000000071.bin
h15_full_w24d4_p50_step200,72,73,1,,1,1,0,1000,200,800,1,1,0,0,800,2300,4100,5300,2300,0,,,,,,,,,,,,,,,,,,,,,,,2460.201964015141,703.0247749062255,1757.1534019662067,8.886358002200723,0.0,105.36916193086654,0.0,1642.8443779004738,0.0,features,14155800,/home/jzh/PINN/LBM/PINN_Poisson/data/multistep_closed_loop/h15_full_w24d4_p50_step200/safe_closed_loop/pairs/pre_poisson/3D000000072.bin,/home/jzh/PINN/LBM/PINN_Poisson/data/multistep_closed_loop/h15_full_w24d4_p50_step200/safe_closed_loop/pressure_init_wait/3D000000072.bin
h15_full_w24d4_p50_step200,73,74,1,,1,1,0,1000,200,800,1,1,0,0,450,1650,3350,4400,1500,0,,,,,,,,,,,,,,,,,,,,,,,3299.8956369701773,1604.695853893645,1695.1787871075794,7.159783039242029,0.0,108.01207495387644,0.0,1579.9547790084034,0.0,features,14155800,/home/jzh/PINN/LBM/PINN_Poisson/data/multistep_closed_loop/h15_full_w24d4_p50_step200/safe_closed_loop/pairs/pre_poisson/3D000000073.bin,/home/jzh/PINN/LBM/PINN_Poisson/data/multistep_closed_loop/h15_full_w24d4_p50_step200/safe_closed_loop/pressure_init_wait/3D000000073.bin
h15_full_w24d4_p50_step200,74,75,1,,1,1,0,600,150,450,1,1,0,0,450,1450,2950,3850,1050,0,,,,,,,,,,,,,,,,,,,,,,,2440.509247011505,1604.868431109935,835.6215070234612,7.706323056481779,0.0,101.56243096571416,0.0,726.3071520719677,0.0,features,14155800,/home/jzh/PINN/LBM/PINN_Poisson/data/multistep_closed_loop/h15_full_w24d4_p50_step200/safe_closed_loop/pairs/pre_poisson/3D000000074.bin,/home/jzh/PINN/LBM/PINN_Poisson/data/multistep_closed_loop/h15_full_w24d4_p50_step200/safe_closed_loop/pressure_init_wait/3D000000074.bin
h15_full_w24d4_p50_step200,75,76,1,,1,1,0,600,150,450,1,1,0,0,250,1150,2550,3300,600,0,,,,,,,,,,,,,,,,,,,,,,,1385.682921973057,552.1424640901387,833.5206620395184,5.214917007833719,0.0,99.79364601895213,0.0,728.4697759896517,0.0,features,14155800,/home/jzh/PINN/LBM/PINN_Poisson/data/multistep_closed_loop/h15_full_w24d4_p50_step200/safe_closed_loop/pairs/pre_poisson/3D000000075.bin,/home/jzh/PINN/LBM/PINN_Poisson/data/multistep_closed_loop/h15_full_w24d4_p50_step200/safe_closed_loop/pressure_init_wait/3D000000075.bin
h15_full_w24d4_p50_step200,76,77,1,,1,1,0,400,150,250,1,1,0,0,350,1050,2400,3050,350,0,,,,,,,,,,,,,,,,,,,,,,,1411.887604976073,551.9786189543083,859.8890209104866,5.827934015542269,0.0,118.78978193271905,0.0,735.2143449243158,0.0,features,14155800,/home/jzh/PINN/LBM/PINN_Poisson/data/multistep_closed_loop/h15_full_w24d4_p50_step200/safe_closed_loop/pairs/pre_poisson/3D000000076.bin,/home/jzh/PINN/LBM/PINN_Poisson/data/multistep_closed_loop/h15_full_w24d4_p50_step200/safe_closed_loop/pressure_init_wait/3D000000076.bin
h15_full_w24d4_p50_step200,77,78,1,,1,1,0,500,150,350,1,1,0,0,150,850,2100,2700,-300,0,,,,,,,,,,,,,,,,,,,,,,,1536.4497860427946,551.5988230472431,984.8292570095509,7.925958023406565,0.0,98.16834703087807,0.0,878.6955170799047,0.0,features,14155800,/home/jzh/PINN/LBM/PINN_Poisson/data/multistep_closed_loop/h15_full_w24d4_p50_step200/safe_closed_loop/pairs/pre_poisson/3D000000077.bin,/home/jzh/PINN/LBM/PINN_Poisson/data/multistep_closed_loop/h15_full_w24d4_p50_step200/safe_closed_loop/pressure_init_wait/3D000000077.bin
h15_full_w24d4_p50_step200,78,79,1,,1,1,0,300,150,150,1,1,0,0,250,850,2000,2550,-550,0,,,,,,,,,,,,,,,,,,,,,,,3709.7411799477413,2005.986838019453,1703.7303550168872,8.630351047031581,0.0,103.11316803563386,0.0,1591.937261982821,0.0,features,14155800,/home/jzh/PINN/LBM/PINN_Poisson/data/multistep_closed_loop/h15_full_w24d4_p50_step200/safe_closed_loop/pairs/pre_poisson/3D000000078.bin,/home/jzh/PINN/LBM/PINN_Poisson/data/multistep_closed_loop/h15_full_w24d4_p50_step200/safe_closed_loop/pressure_init_wait/3D000000078.bin
h15_full_w24d4_p50_step200,79,80,1,,1,1,0,400,150,250,1,1,0,0,150,750,1800,2300,-900,0,,,,,,,,,,,,,,,,,,,,,,,2474.6634190669283,1504.7389069804922,969.9036000529304,5.605666898190975,0.0,100.45398399233818,0.0,863.7999959755689,0.0,features,14155800,/home/jzh/PINN/LBM/PINN_Poisson/data/multistep_closed_loop/h15_full_w24d4_p50_step200/safe_closed_loop/pairs/pre_poisson/3D000000079.bin,/home/jzh/PINN/LBM/PINN_Poisson/data/multistep_closed_loop/h15_full_w24d4_p50_step200/safe_closed_loop/pressure_init_wait/3D000000079.bin
h15_full_w24d4_p50_step200,80,81,1,,1,1,0,300,150,150,1,1,0,0,150,650,1850,1750,-1150,0,,,,,,,,,,,,,,,,,,,,,,,2967.886549071409,2056.4389169448987,911.4252140279859,6.660457933321595,0.0,108.20083203725517,0.0,796.5040790149942,0.0,features,14155800,/home/jzh/PINN/LBM/PINN_Poisson/data/multistep_closed_loop/h15_full_w24d4_p50_step200/safe_closed_loop/pairs/pre_poisson/3D000000080.bin,/home/jzh/PINN/LBM/PINN_Poisson/data/multistep_closed_loop/h15_full_w24d4_p50_step200/safe_closed_loop/pressure_init_wait/3D000000080.bin
h15_full_w24d4_p50_step200,81,82,1,,1,1,0,300,150,150,1,1,0,0,150,700,1750,1500,-1400,0,,,,,,,,,,,,,,,,,,,,,,,1452.5373550131917,601.9069999456406,850.6074589677155,7.194277015514672,0.0,103.91240299213678,0.0,739.4420049386099,0.0,features,14155800,/home/jzh/PINN/LBM/PINN_Poisson/data/multistep_closed_loop/h15_full_w24d4_p50_step200/safe_closed_loop/pairs/pre_poisson/3D000000081.bin,/home/jzh/PINN/LBM/PINN_Poisson/data/multistep_closed_loop/h15_full_w24d4_p50_step200/safe_closed_loop/pressure_init_wait/3D000000081.bin
h15_full_w24d4_p50_step200,82,83,1,,1,1,0,300,150,150,1,1,0,0,150,600,1650,1250,-1550,0,,,,,,,,,,,,,,,,,,,,,,,1468.0231029633433,551.9238410051912,916.0786409629509,8.352085016667843,0.0,99.0322669968009,0.0,808.6516869952902,0.0,features,14155800,/home/jzh/PINN/LBM/PINN_Poisson/data/multistep_closed_loop/h15_full_w24d4_p50_step200/safe_closed_loop/pairs/pre_poisson/3D000000082.bin,/home/jzh/PINN/LBM/PINN_Poisson/data/multistep_closed_loop/h15_full_w24d4_p50_step200/safe_closed_loop/pressure_init_wait/3D000000082.bin
h15_full_w24d4_p50_step200,83,84,1,,1,1,0,300,150,150,1,1,0,0,150,500,1550,1000,-1700,0,,,,,,,,,,,,,,,,,,,,,,,1361.7714259307832,551.833783974871,809.9160899873823,5.831651971675456,0.0,96.08969301916659,0.0,707.9516419908032,0.0,features,14155800,/home/jzh/PINN/LBM/PINN_Poisson/data/multistep_closed_loop/h15_full_w24d4_p50_step200/safe_closed_loop/pairs/pre_poisson/3D000000083.bin,/home/jzh/PINN/LBM/PINN_Poisson/data/multistep_closed_loop/h15_full_w24d4_p50_step200/safe_closed_loop/pressure_init_wait/3D000000083.bin
h15_full_w24d4_p50_step200,84,85,1,,1,1,0,300,150,150,1,1,0,0,50,450,1600,750,-1850,0,,,,,,,,,,,,,,,,,,,,,,,1372.9979970958084,551.9756589783356,821.0030010668561,7.252895971760154,0.0,101.846038014628,0.0,711.8581660324708,0.0,features,14155800,/home/jzh/PINN/LBM/PINN_Poisson/data/multistep_closed_loop/h15_full_w24d4_p50_step200/safe_closed_loop/pairs/pre_poisson/3D000000084.bin,/home/jzh/PINN/LBM/PINN_Poisson/data/multistep_closed_loop/h15_full_w24d4_p50_step200/safe_closed_loop/pressure_init_wait/3D000000084.bin
h15_full_w24d4_p50_step200,85,86,1,,1,1,0,200,150,50,1,1,0,0,200,450,1600,600,-1900,0,,,,,,,,,,,,,,,,,,,,,,,1550.210451008752,552.2410749690607,997.950118035078,5.307012004777789,0.0,118.30218497198075,0.0,874.2767879739404,0.0,features,14155800,/home/jzh/PINN/LBM/PINN_Poisson/data/multistep_closed_loop/h15_full_w24d4_p50_step200/safe_closed_loop/pairs/pre_poisson/3D000000085.bin,/home/jzh/PINN/LBM/PINN_Poisson/data/multistep_closed_loop/h15_full_w24d4_p50_step200/safe_closed_loop/pressure_init_wait/3D000000085.bin
h15_full_w24d4_p50_step200,86,87,1,,1,1,0,300,100,200,1,1,0,0,50,300,1450,300,-2100,0,,,,,,,,,,,,,,,,,,,,,,,1398.982638027519,551.7495980020612,847.2091649891809,6.566617987118661,0.0,106.97352606803179,0.0,733.6245919577777,0.0,features,14155800,/home/jzh/PINN/LBM/PINN_Poisson/data/multistep_closed_loop/h15_full_w24d4_p50_step200/safe_closed_loop/pairs/pre_poisson/3D000000086.bin,/home/jzh/PINN/LBM/PINN_Poisson/data/multistep_closed_loop/h15_full_w24d4_p50_step200/safe_closed_loop/pressure_init_wait/3D000000086.bin
h15_full_w24d4_p50_step200,87,88,1,,1,1,0,200,150,50,1,1,0,0,50,350,1450,150,-2150,0,,,,,,,,,,,,,,,,,,,,,,,1235.6296461075544,401.4849190134555,834.1257059946656,7.219042046926916,0.0,100.52880400326103,0.0,726.3224310008809,0.0,features,14155800,/home/jzh/PINN/LBM/PINN_Poisson/data/multistep_closed_loop/h15_full_w24d4_p50_step200/safe_closed_loop/pairs/pre_poisson/3D000000087.bin,/home/jzh/PINN/LBM/PINN_Poisson/data/multistep_closed_loop/h15_full_w24d4_p50_step200/safe_closed_loop/pressure_init_wait/3D000000087.bin
h15_full_w24d4_p50_step200,88,89,1,,1,1,0,200,150,50,1,1,0,0,100,350,1500,0,-2200,0,,,,,,,,,,,,,,,,,,,,,,,1464.3108089221641,551.511091995053,912.7742549171671,9.714939980767667,0.0,113.10481396503747,0.0,789.9025989463553,0.0,features,14155800,/home/jzh/PINN/LBM/PINN_Poisson/data/multistep_closed_loop/h15_full_w24d4_p50_step200/safe_closed_loop/pairs/pre_poisson/3D000000088.bin,/home/jzh/PINN/LBM/PINN_Poisson/data/multistep_closed_loop/h15_full_w24d4_p50_step200/safe_closed_loop/pressure_init_wait/3D000000088.bin
h15_full_w24d4_p50_step200,89,90,1,,1,1,0,200,100,100,1,1,0,0,50,300,1450,-200,-2300,0,,,,,,,,,,,,,,,,,,,,,,,1390.2980380225927,551.9578480161726,838.3168641012162,7.716453983448446,0.0,97.41511906031519,0.0,733.1423989962786,0.0,features,14155800,/home/jzh/PINN/LBM/PINN_Poisson/data/multistep_closed_loop/h15_full_w24d4_p50_step200/safe_closed_loop/pairs/pre_poisson/3D000000089.bin,/home/jzh/PINN/LBM/PINN_Poisson/data/multistep_closed_loop/h15_full_w24d4_p50_step200/safe_closed_loop/pressure_init_wait/3D000000089.bin
h15_full_w24d4_p50_step200,90,91,1,,1,1,0,200,150,50,1,1,0,0,50,300,1450,-350,-2350,0,,,,,,,,,,,,,,,,,,,,,,,1258.6909349774942,401.5059870434925,857.1642560418695,6.074903998523951,0.0,97.88865107111633,0.0,753.1569589627907,0.0,features,14155800,/home/jzh/PINN/LBM/PINN_Poisson/data/multistep_closed_loop/h15_full_w24d4_p50_step200/safe_closed_loop/pairs/pre_poisson/3D000000090.bin,/home/jzh/PINN/LBM/PINN_Poisson/data/multistep_closed_loop/h15_full_w24d4_p50_step200/safe_closed_loop/pressure_init_wait/3D000000090.bin
h15_full_w24d4_p50_step200,91,92,1,,1,1,0,200,150,50,1,1,0,0,100,350,1450,-500,-3100,0,,,,,,,,,,,,,,,,,,,,,,,2278.8198339985684,551.8517800373957,1726.9613469252363,7.3429400799795985,0.0,103.8569649681449,0.0,1615.7009470043704,0.0,features,14155800,/home/jzh/PINN/LBM/PINN_Poisson/data/multistep_closed_loop/h15_full_w24d4_p50_step200/safe_closed_loop/pairs/pre_poisson/3D000000091.bin,/home/jzh/PINN/LBM/PINN_Poisson/data/multistep_closed_loop/h15_full_w24d4_p50_step200/safe_closed_loop/pressure_init_wait/3D000000091.bin
h15_full_w24d4_p50_step200,92,93,1,,1,1,0,200,100,100,1,1,0,0,50,300,1400,-700,-3300,0,,,,,,,,,,,,,,,,,,,,,,,3194.5115569978952,1454.0401280391961,1740.443098009564,8.699037018232048,0.0,100.15940095763654,0.0,1631.538140005432,0.0,features,14155800,/home/jzh/PINN/LBM/PINN_Poisson/data/multistep_closed_loop/h15_full_w24d4_p50_step200/safe_closed_loop/pairs/pre_poisson/3D000000092.bin,/home/jzh/PINN/LBM/PINN_Poisson/data/multistep_closed_loop/h15_full_w24d4_p50_step200/safe_closed_loop/pressure_init_wait/3D000000092.bin
h15_full_w24d4_p50_step200,93,94,1,,1,1,0,200,150,50,1,1,0,0,50,300,1400,-850,-3450,0,,,,,,,,,,,,,,,,,,,,,,,2948.2533870032057,1254.686760948971,1693.5495170764625,7.838636985979974,0.0,99.31419894564897,0.0,1586.3497069803998,0.0,features,14155800,/home/jzh/PINN/LBM/PINN_Poisson/data/multistep_closed_loop/h15_full_w24d4_p50_step200/safe_closed_loop/pairs/pre_poisson/3D000000093.bin,/home/jzh/PINN/LBM/PINN_Poisson/data/multistep_closed_loop/h15_full_w24d4_p50_step200/safe_closed_loop/pressure_init_wait/3D000000093.bin
h15_full_w24d4_p50_step200,94,95,1,,1,1,0,200,150,50,1,1,0,0,50,300,1400,-900,-3600,0,,,,,,,,,,,,,,,,,,,,,,,2354.498502914794,1505.0682269502431,849.4080940727144,9.606709005311131,0.0,101.36213898658752,0.0,738.3919549174607,0.0,features,14155800,/home/jzh/PINN/LBM/PINN_Poisson/data/multistep_closed_loop/h15_full_w24d4_p50_step200/safe_closed_loop/pairs/pre_poisson/3D000000094.bin,/home/jzh/PINN/LBM/PINN_Poisson/data/multistep_closed_loop/h15_full_w24d4_p50_step200/safe_closed_loop/pressure_init_wait/3D000000094.bin
h15_full_w24d4_p50_step200,95,96,1,,1,1,0,200,150,50,1,1,0,0,100,450,1400,-950,-3750,0,,,,,,,,,,,,,,,,,,,,,,,1390.2144549647346,552.1162959048524,838.0756980041042,7.628610008396208,0.0,97.24845993332565,0.0,733.1542670726776,0.0,features,14155800,/home/jzh/PINN/LBM/PINN_Poisson/data/multistep_closed_loop/h15_full_w24d4_p50_step200/safe_closed_loop/pairs/pre_poisson/3D000000095.bin,/home/jzh/PINN/LBM/PINN_Poisson/data/multistep_closed_loop/h15_full_w24d4_p50_step200/safe_closed_loop/pressure_init_wait/3D000000095.bin
h15_full_w24d4_p50_step200,96,97,1,,1,1,0,200,100,100,1,1,0,0,50,400,1350,-1050,-3850,0,,,,,,,,,,,,,,,,,,,,,,,1588.8345489511266,603.0168009456247,985.794628970325,7.323575904592872,0.0,114.17052301112562,0.0,864.2388639273122,0.0,features,14155800,/home/jzh/PINN/LBM/PINN_Poisson/data/multistep_closed_loop/h15_full_w24d4_p50_step200/safe_closed_loop/pairs/pre_poisson/3D000000096.bin,/home/jzh/PINN/LBM/PINN_Poisson/data/multistep_closed_loop/h15_full_w24d4_p50_step200/safe_closed_loop/pressure_init_wait/3D000000096.bin
h15_full_w24d4_p50_step200,97,98,1,,1,1,0,200,150,50,1,1,0,0,50,400,1350,-1100,-3900,0,,,,,,,,,,,,,,,,,,,,,,,1289.2247650306672,401.6184270149097,887.5808300217614,5.686646094545722,0.0,96.6923120431602,0.0,785.1511399494484,0.0,features,14155800,/home/jzh/PINN/LBM/PINN_Poisson/data/multistep_closed_loop/h15_full_w24d4_p50_step200/safe_closed_loop/pairs/pre_poisson/3D000000097.bin,/home/jzh/PINN/LBM/PINN_Poisson/data/multistep_closed_loop/h15_full_w24d4_p50_step200/safe_closed_loop/pressure_init_wait/3D000000097.bin
h15_full_w24d4_p50_step200,98,99,1,,1,1,0,200,150,50,1,1,0,0,50,400,1250,-1150,-3950,0,,,,,,,,,,,,,,,,,,,,,,,1392.9343540221453,551.8988949479535,840.9932939102873,8.410716080106795,0.0,99.24918308388442,0.0,733.2882430637255,0.0,features,14155800,/home/jzh/PINN/LBM/PINN_Poisson/data/multistep_closed_loop/h15_full_w24d4_p50_step200/safe_closed_loop/pairs/pre_poisson/3D000000098.bin,/home/jzh/PINN/LBM/PINN_Poisson/data/multistep_closed_loop/h15_full_w24d4_p50_step200/safe_closed_loop/pressure_init_wait/3D000000098.bin
h15_full_w24d4_p50_step200,99,100,1,,1,1,0,200,150,50,1,1,0,0,200,550,1150,-1200,-4000,0,,,,,,,,,,,,,,,,,,,,,,,1391.5615769801661,552.2493569878861,839.2887860536575,7.2246810887008905,0.0,101.14326898474246,0.0,730.8761950116605,0.0,features,14155800,/home/jzh/PINN/LBM/PINN_Poisson/data/multistep_closed_loop/h15_full_w24d4_p50_step200/safe_closed_loop/pairs/pre_poisson/3D000000099.bin,/home/jzh/PINN/LBM/PINN_Poisson/data/multistep_closed_loop/h15_full_w24d4_p50_step200/safe_closed_loop/pressure_init_wait/3D000000099.bin
h15_full_w24d4_p50_step200,100,101,1,,1,1,0,300,100,200,1,1,0,0,50,400,900,-1400,-4600,1,0.0003783197329399212,0.10556602478027344,0.00035875226549832514,0.00011055916547775269,0.0030581694232236028,0.00039557740092277527,0.0028457271306574798,0.00039164721965789795,0.0019217485269721632,0.0004266202449798584,0.006603156148078759,0.0017597302794456482,1.5526854365511983e-06,1,,2,2,6.781684027776236e-06,1.695421006944059e-06,0.0,6.116157052018546e-08,7.135793659816814e-06,1404.1551540140063,552.3971089860424,851.7327979207039,8.264944073744118,0.0,97.92258101515472,0.0,745.5006870441139,0.0,features,14155800,/home/jzh/PINN/LBM/PINN_Poisson/data/multistep_closed_loop/h15_full_w24d4_p50_step200/safe_closed_loop/pairs/pre_poisson/3D000000100.bin,/home/jzh/PINN/LBM/PINN_Poisson/data/multistep_closed_loop/h15_full_w24d4_p50_step200/safe_closed_loop/pressure_init_wait/3D000000100.bin
h15_full_w24d4_p50_step200,101,102,1,,1,1,0,200,150,50,1,1,0,0,50,400,650,-1450,-4650,0,,,,,,,,,,,,,,,,,,,,,,,1349.477193900384,502.12068704422563,847.336394013837,8.133406052365899,0.0,99.81578902807087,0.0,739.339551073499,0.0,features,14155800,/home/jzh/PINN/LBM/PINN_Poisson/data/multistep_closed_loop/h15_full_w24d4_p50_step200/safe_closed_loop/pairs/pre_poisson/3D000000101.bin,/home/jzh/PINN/LBM/PINN_Poisson/data/multistep_closed_loop/h15_full_w24d4_p50_step200/safe_closed_loop/pressure_init_wait/3D000000101.bin
h15_full_w24d4_p50_step200,102,103,1,,1,1,0,200,150,50,1,1,0,0,50,400,500,-1500,-4700,0,,,,,,,,,,,,,,,,,,,,,,,1394.5348369888961,552.4779560510069,842.0325230108574,9.1012769844383,0.0,95.916060032323,0.0,736.9714169763029,0.0,features,14155800,/home/jzh/PINN/LBM/PINN_Poisson/data/multistep_closed_loop/h15_full_w24d4_p50_step200/safe_closed_loop/pairs/pre_poisson/3D000000102.bin,/home/jzh/PINN/LBM/PINN_Poisson/data/multistep_closed_loop/h15_full_w24d4_p50_step200/safe_closed_loop/pressure_init_wait/3D000000102.bin
h15_full_w24d4_p50_step200,103,104,1,,1,1,0,200,150,50,1,1,0,0,200,450,350,-1550,-4750,0,,,,,,,,,,,,,,,,,,,,,,,1402.3205580888316,552.2065230179578,850.0941300299019,7.942996104247868,0.0,119.11089404020458,0.0,722.9791050776839,0.0,features,14155800,/home/jzh/PINN/LBM/PINN_Poisson/data/multistep_closed_loop/h15_full_w24d4_p50_step200/safe_closed_loop/pairs/pre_poisson/3D000000103.bin,/home/jzh/PINN/LBM/PINN_Poisson/data/multistep_closed_loop/h15_full_w24d4_p50_step200/safe_closed_loop/pressure_init_wait/3D000000103.bin
h15_full_w24d4_p50_step200,104,105,1,,1,1,0,300,100,200,1,1,0,0,50,300,50,-1750,-4950,0,,,,,,,,,,,,,,,,,,,,,,,1394.4812760455534,552.422092994675,842.0385479694232,6.123091094195843,0.0,96.4163679163903,0.0,739.4516620552167,0.0,features,14155800,/home/jzh/PINN/LBM/PINN_Poisson/data/multistep_closed_loop/h15_full_w24d4_p50_step200/safe_closed_loop/pairs/pre_poisson/3D000000104.bin,/home/jzh/PINN/LBM/PINN_Poisson/data/multistep_closed_loop/h15_full_w24d4_p50_step200/safe_closed_loop/pressure_init_wait/3D000000104.bin
h15_full_w24d4_p50_step200,105,106,1,,1,1,0,200,150,50,1,1,0,0,50,300,-100,-1800,-5000,0,,,,,,,,,,,,,,,,,,,,,,,1239.3731970805675,401.7896190052852,837.5583220040426,7.887667044997215,0.0,98.19406201131642,0.0,731.4359589945525,0.0,features,14155800,/home/jzh/PINN/LBM/PINN_Poisson/data/multistep_closed_loop/h15_full_w24d4_p50_step200/safe_closed_loop/pairs/pre_poisson/3D000000105.bin,/home/jzh/PINN/LBM/PINN_Poisson/data/multistep_closed_loop/h15_full_w24d4_p50_step200/safe_closed_loop/pressure_init_wait/3D000000105.bin
h15_full_w24d4_p50_step200,106,107,1,,1,1,0,200,150,50,1,1,0,0,50,300,-150,-1850,-5050,0,,,,,,,,,,,,,,,,,,,,,,,1543.8647789414972,551.7639390891418,992.0806239824742,9.580148034729064,0.0,103.63351099658757,0.0,878.8150500040501,0.0,features,14155800,/home/jzh/PINN/LBM/PINN_Poisson/data/multistep_closed_loop/h15_full_w24d4_p50_step200/safe_closed_loop/pairs/pre_poisson/3D000000106.bin,/home/jzh/PINN/LBM/PINN_Poisson/data/multistep_closed_loop/h15_full_w24d4_p50_step200/safe_closed_loop/pressure_init_wait/3D000000106.bin
h15_full_w24d4_p50_step200,107,108,1,,1,1,0,200,150,50,1,1,0,0,100,300,-200,-1900,-5100,0,,,,,,,,,,,,,,,,,,,,,,,2896.0580669809133,2056.727680959739,839.3057869980112,7.808553986251354,0.0,103.62131299916655,0.0,727.8183380840346,0.0,features,14155800,/home/jzh/PINN/LBM/PINN_Poisson/data/multistep_closed_loop/h15_full_w24d4_p50_step200/safe_closed_loop/pairs/pre_poisson/3D000000107.bin,/home/jzh/PINN/LBM/PINN_Poisson/data/multistep_closed_loop/h15_full_w24d4_p50_step200/safe_closed_loop/pressure_init_wait/3D000000107.bin
h15_full_w24d4_p50_step200,108,109,1,,1,1,0,200,100,100,1,1,0,0,50,250,-300,-2000,-5200,0,,,,,,,,,,,,,,,,,,,,,,,1398.1745010241866,552.4872440146282,845.6663809483871,9.455083985812962,0.0,100.9650690248236,0.0,735.1960180094466,0.0,features,14155800,/home/jzh/PINN/LBM/PINN_Poisson/data/multistep_closed_loop/h15_full_w24d4_p50_step200/safe_closed_loop/pairs/pre_poisson/3D000000108.bin,/home/jzh/PINN/LBM/PINN_Poisson/data/multistep_closed_loop/h15_full_w24d4_p50_step200/safe_closed_loop/pressure_init_wait/3D000000108.bin
h15_full_w24d4_p50_step200,109,110,1,,1,1,0,200,150,50,1,1,0,0,50,250,-350,-2050,-5250,0,,,,,,,,,,,,,,,,,,,,,,,1254.6390179777518,401.3528471114114,853.2659800257534,5.824799067340791,0.0,117.98696895129979,0.0,729.3955379864201,0.0,features,14155800,/home/jzh/PINN/LBM/PINN_Poisson/data/multistep_closed_loop/h15_full_w24d4_p50_step200/safe_closed_loop/pairs/pre_poisson/3D000000109.bin,/home/jzh/PINN/LBM/PINN_Poisson/data/multistep_closed_loop/h15_full_w24d4_p50_step200/safe_closed_loop/pressure_init_wait/3D000000109.bin
h15_full_w24d4_p50_step200,110,111,1,,1,1,0,200,150,50,1,1,0,0,50,250,-800,-2100,-5300,0,,,,,,,,,,,,,,,,,,,,,,,1396.234001033008,551.7769480356947,844.4370829965919,5.927321966737509,0.0,100.89618503116071,0.0,737.5648759771138,0.0,features,14155800,/home/jzh/PINN/LBM/PINN_Poisson/data/multistep_closed_loop/h15_full_w24d4_p50_step200/safe_closed_loop/pairs/pre_poisson/3D000000110.bin,/home/jzh/PINN/LBM/PINN_Poisson/data/multistep_closed_loop/h15_full_w24d4_p50_step200/safe_closed_loop/pressure_init_wait/3D000000110.bin
h15_full_w24d4_p50_step200,111,112,1,,1,1,0,200,150,50,1,1,0,0,50,250,-950,-2150,-5350,0,,,,,,,,,,,,,,,,,,,,,,,1394.3767569726333,552.311746054329,842.0174940256402,5.241426057182252,0.0,110.73049798142165,0.0,725.993829080835,0.0,features,14155800,/home/jzh/PINN/LBM/PINN_Poisson/data/multistep_closed_loop/h15_full_w24d4_p50_step200/safe_closed_loop/pairs/pre_poisson/3D000000111.bin,/home/jzh/PINN/LBM/PINN_Poisson/data/multistep_closed_loop/h15_full_w24d4_p50_step200/safe_closed_loop/pressure_init_wait/3D000000111.bin
h15_full_w24d4_p50_step200,112,113,1,,1,1,0,200,150,50,1,1,0,0,50,250,-1100,-2200,-5400,0,,,,,,,,,,,,,,,,,,,,,,,1408.8344309711829,552.5880439672619,856.225133058615,9.159994078800082,0.0,109.80773903429508,0.0,737.2039559995756,0.0,features,14155800,/home/jzh/PINN/LBM/PINN_Poisson/data/multistep_closed_loop/h15_full_w24d4_p50_step200/safe_closed_loop/pairs/pre_poisson/3D000000112.bin,/home/jzh/PINN/LBM/PINN_Poisson/data/multistep_closed_loop/h15_full_w24d4_p50_step200/safe_closed_loop/pressure_init_wait/3D000000112.bin
h15_full_w24d4_p50_step200,113,114,1,,1,1,0,200,150,50,1,1,0,0,50,150,-1250,-2250,-5450,0,,,,,,,,,,,,,,,,,,,,,,,2275.735736009665,552.3826610296965,1723.3326920541003,7.368598016910255,0.0,98.16567099187523,0.0,1617.7544350503013,0.0,features,14155800,/home/jzh/PINN/LBM/PINN_Poisson/data/multistep_closed_loop/h15_full_w24d4_p50_step200/safe_closed_loop/pairs/pre_poisson/3D000000113.bin,/home/jzh/PINN/LBM/PINN_Poisson/data/multistep_closed_loop/h15_full_w24d4_p50_step200/safe_closed_loop/pressure_init_wait/3D000000113.bin
h15_full_w24d4_p50_step200,114,115,1,,1,1,0,200,150,50,1,1,0,0,50,50,-1400,-2300,-5500,0,,,,,,,,,,,,,,,,,,,,,,,2355.618532979861,1504.567475989461,851.030784077011,7.132996921427548,0.0,99.27370003424585,0.0,744.5786149473861,0.0,features,14155800,/home/jzh/PINN/LBM/PINN_Poisson/data/multistep_closed_loop/h15_full_w24d4_p50_step200/safe_closed_loop/pairs/pre_poisson/3D000000114.bin,/home/jzh/PINN/LBM/PINN_Poisson/data/multistep_closed_loop/h15_full_w24d4_p50_step200/safe_closed_loop/pressure_init_wait/3D000000114.bin
h15_full_w24d4_p50_step200,115,116,1,,1,1,0,200,150,50,1,1,0,0,50,-50,-1550,-2350,-5550,0,,,,,,,,,,,,,,,,,,,,,,,1380.4430520394817,551.9614270888269,828.4620910417289,7.149837911128998,0.0,106.62254993803799,0.0,714.6448369603604,0.0,features,14155800,/home/jzh/PINN/LBM/PINN_Poisson/data/multistep_closed_loop/h15_full_w24d4_p50_step200/safe_closed_loop/pairs/pre_poisson/3D000000115.bin,/home/jzh/PINN/LBM/PINN_Poisson/data/multistep_closed_loop/h15_full_w24d4_p50_step200/safe_closed_loop/pressure_init_wait/3D000000115.bin
h15_full_w24d4_p50_step200,116,117,1,,1,1,0,200,150,50,1,1,0,0,50,-300,-1700,-2400,-5600,0,,,,,,,,,,,,,,,,,,,,,,,1401.6644549556077,552.4997389875352,849.1458679782227,7.418151944875717,0.0,99.97259103693068,0.0,741.7102420004085,0.0,features,14155800,/home/jzh/PINN/LBM/PINN_Poisson/data/multistep_closed_loop/h15_full_w24d4_p50_step200/safe_closed_loop/pairs/pre_poisson/3D000000116.bin,/home/jzh/PINN/LBM/PINN_Poisson/data/multistep_closed_loop/h15_full_w24d4_p50_step200/safe_closed_loop/pressure_init_wait/3D000000116.bin
h15_full_w24d4_p50_step200,117,118,1,,1,1,0,200,150,50,1,1,0,0,-50,-450,-1850,-2450,-5650,0,,,,,,,,,,,,,,,,,,,,,,,1388.208043994382,552.2918649949133,835.8937039738521,6.314854021184146,0.0,96.66452498640865,0.0,732.8747030114755,0.0,features,14155800,/home/jzh/PINN/LBM/PINN_Poisson/data/multistep_closed_loop/h15_full_w24d4_p50_step200/safe_closed_loop/pairs/pre_poisson/3D000000117.bin,/home/jzh/PINN/LBM/PINN_Poisson/data/multistep_closed_loop/h15_full_w24d4_p50_step200/safe_closed_loop/pressure_init_wait/3D000000117.bin
h15_full_w24d4_p50_step200,118,119,1,,1,1,0,100,150,-50,1,1,0,0,-50,-500,-1900,-2400,-5600,0,,,,,,,,,,,,,,,,,,,,,,,1409.3859939603135,552.3479860275984,857.017743983306,9.465944953262806,0.0,101.82016098406166,0.0,745.6848580623046,0.0,features,14155800,/home/jzh/PINN/LBM/PINN_Poisson/data/multistep_closed_loop/h15_full_w24d4_p50_step200/safe_closed_loop/pairs/pre_poisson/3D000000118.bin,/home/jzh/PINN/LBM/PINN_Poisson/data/multistep_closed_loop/h15_full_w24d4_p50_step200/safe_closed_loop/pressure_init_wait/3D000000118.bin
h15_full_w24d4_p50_step200,119,120,1,,1,1,0,100,150,-50,1,1,0,0,-50,-550,-1950,-3050,-5550,0,,,,,,,,,,,,,,,,,,,,,,,1395.631053019315,551.8676229985431,843.7441139249131,7.145646959543228,0.0,100.7831150200218,0.0,735.7720090076327,0.0,features,14155800,/home/jzh/PINN/LBM/PINN_Poisson/data/multistep_closed_loop/h15_full_w24d4_p50_step200/safe_closed_loop/pairs/pre_poisson/3D000000119.bin,/home/jzh/PINN/LBM/PINN_Poisson/data/multistep_closed_loop/h15_full_w24d4_p50_step200/safe_closed_loop/pressure_init_wait/3D000000119.bin
h15_full_w24d4_p50_step200,120,,1,,1,1,0,100,150,-50,1,1,80,-5500,-200,-600,-2000,-3100,-5500,1,0.00048588083611984546,0.12464714050292969,0.00046585601204720265,0.00013696402311325073,0.0032726387414893365,0.00046907737851142883,0.0030505804455090535,0.00039935484528541565,0.0018360873373946764,0.00038989633321762085,0.02321025652876988,0.00304374098777771,2.4200133559286653e-06,1,,2,2,3.390842013888812e-05,1.3563368055555074e-05,6.781684027776236e-06,1.2556288311003916e-07,8.675735568078324e-06,1400.6844840478152,552.5011259596795,848.158867098391,7.707615965045989,0.0,110.73765100445598,0.0,729.6610849443823,0.0,features,14155800,/home/jzh/PINN/LBM/PINN_Poisson/data/multistep_closed_loop/h15_full_w24d4_p50_step200/safe_closed_loop/pairs/pre_poisson/3D000000120.bin,/home/jzh/PINN/LBM/PINN_Poisson/data/multistep_closed_loop/h15_full_w24d4_p50_step200/safe_closed_loop/pressure_init_wait/3D000000120.bin
