label,candidate_step,next_candidate_step,input_quality_accept,input_quality_reasons,used_pressure_initializer,pressure_init_accept_step,pressure_init_fallback_step,baseline_iter,safe_iter,iter_delta_step,safe_segments,safe_converged,future_until_next_steps,future_until_next_iter_delta,future_1_iter_delta,future_5_iter_delta,future_20_iter_delta,future_50_iter_delta,future_100_iter_delta,field_error_available,rho_rel_l2,rho_max_abs,fei_rel_l2,fei_max_abs,u_rel_l2,u_max_abs,v_rel_l2,v_max_abs,w_rel_l2,w_max_abs,pressure_rel_l2,pressure_max_abs,phase_mass_rel_error,field_health_pass,field_health_reasons,component_count,reference_component_count,interface_fraction_abs_error,mid_fraction_abs_error,liquid_fraction_abs_error,fei_grad_mean_abs_error,fei_grad_max_abs_error,candidate_total_ms,pre_snapshot_wait_ms,python_ready_ms,read_pair_ms,adaptive_gate_ms,finite_check_ms,quality_gate_ms,infer_write_ms,skip_write_ms,pair_format,snapshot_bytes,input_plt,pressure_init_file,press_rel_l2,press_max_abs,hard_case,hard_reasons
h15_p50_step200_diagnostic,1,2,1,,1,0,1,1000,1300,-300,2,0,0,0,-300,-1500,-2750,1650,19300,0,0.0,0.0,0.0,0.0,,,,,,,,,,,,,,,,,,,1698.55487102177,601.8722370499745,1096.6697160620242,5.450260941870511,0.0,45.684032957069576,0.0,1045.5066820140928,0.0,features,14155800,/home/jzh/PINN/LBM/PINN_Poisson/data/multistep_closed_loop/h15_p50_step200_diagnostic/safe_closed_loop/pairs/pre_poisson/3D000000001.bin,/home/jzh/PINN/LBM/PINN_Poisson/data/multistep_closed_loop/h15_p50_step200_diagnostic/safe_closed_loop/pressure_init_wait/3D000000001.bin,0.0,0.0,1,fallback;negative_direct;negative_future20
h15_p50_step200_diagnostic,2,3,1,,1,0,1,1000,1300,-300,2,0,0,0,-300,-1500,-1750,2800,19650,0,0.0,0.0,0.0,0.0,,,,,,,,,,,,,,,,,,,4625.3895569825545,3761.9350500172004,863.4292330825701,5.332082975655794,0.0,45.91160092968494,0.0,812.1534209931269,0.0,features,14155800,/home/jzh/PINN/LBM/PINN_Poisson/data/multistep_closed_loop/h15_p50_step200_diagnostic/safe_closed_loop/pairs/pre_poisson/3D000000002.bin,/home/jzh/PINN/LBM/PINN_Poisson/data/multistep_closed_loop/h15_p50_step200_diagnostic/safe_closed_loop/pressure_init_wait/3D000000002.bin,0.0,0.0,1,fallback;negative_direct;negative_future20
h15_p50_step200_diagnostic,3,4,1,,1,0,1,1000,1300,-300,2,0,0,0,-300,-1500,-750,3850,20000,0,0.0,0.0,0.0,0.0,,,,,,,,,,,,,,,,,,,4620.882295072079,3759.5228229183704,861.3334780093282,2.3904209956526756,0.0,46.44438496325165,0.0,812.4709019903094,0.0,features,14155800,/home/jzh/PINN/LBM/PINN_Poisson/data/multistep_closed_loop/h15_p50_step200_diagnostic/safe_closed_loop/pairs/pre_poisson/3D000000003.bin,/home/jzh/PINN/LBM/PINN_Poisson/data/multistep_closed_loop/h15_p50_step200_diagnostic/safe_closed_loop/pressure_init_wait/3D000000003.bin,0.0,0.0,1,fallback;negative_direct;negative_future20
h15_p50_step200_diagnostic,4,5,1,,1,0,1,1000,1300,-300,2,0,0,0,-300,-1500,250,3850,20500,0,0.0,0.0,0.0,0.0,,,,,,,,,,,,,,,,,,,4630.476429010741,3759.8844800377265,870.5697200493887,2.7349210577085614,0.0,45.874843024648726,0.0,821.9295080052689,0.0,features,14155800,/home/jzh/PINN/LBM/PINN_Poisson/data/multistep_closed_loop/h15_p50_step200_diagnostic/safe_closed_loop/pairs/pre_poisson/3D000000004.bin,/home/jzh/PINN/LBM/PINN_Poisson/data/multistep_closed_loop/h15_p50_step200_diagnostic/safe_closed_loop/pressure_init_wait/3D000000004.bin,0.0,0.0,1,fallback;negative_direct
h15_p50_step200_diagnostic,5,6,1,,1,0,1,1000,1300,-300,2,0,0,0,-300,-1500,1250,4950,20850,0,0.0,0.0,0.0,0.0,,,,,,,,,,,,,,,,,,,4612.820405047387,3759.8176719620824,852.9801679542288,2.463342039845884,0.0,46.002148068509996,0.0,804.4871620368212,0.0,features,14155800,/home/jzh/PINN/LBM/PINN_Poisson/data/multistep_closed_loop/h15_p50_step200_diagnostic/safe_closed_loop/pairs/pre_poisson/3D000000005.bin,/home/jzh/PINN/LBM/PINN_Poisson/data/multistep_closed_loop/h15_p50_step200_diagnostic/safe_closed_loop/pressure_init_wait/3D000000005.bin,0.0,0.0,1,fallback;negative_direct
h15_p50_step200_diagnostic,6,7,1,,1,0,1,1000,1300,-300,2,0,0,0,-300,-1500,550,5950,21200,0,0.0,0.0,0.0,0.0,,,,,,,,,,,,,,,,,,,4611.922543961555,3760.6099270051345,851.2905170209706,3.2676230184733868,0.0,45.902459998615086,0.0,802.0922249415889,0.0,features,14155800,/home/jzh/PINN/LBM/PINN_Poisson/data/multistep_closed_loop/h15_p50_step200_diagnostic/safe_closed_loop/pairs/pre_poisson/3D000000006.bin,/home/jzh/PINN/LBM/PINN_Poisson/data/multistep_closed_loop/h15_p50_step200_diagnostic/safe_closed_loop/pressure_init_wait/3D000000006.bin,0.0,0.0,1,fallback;negative_direct
h15_p50_step200_diagnostic,7,8,1,,1,0,1,1000,1300,-300,2,0,0,0,-300,-1500,1400,5950,21550,0,0.0,0.0,0.0,0.0,,,,,,,,,,,,,,,,,,,4601.918798056431,3759.696495020762,842.2011299990118,2.408462925814092,0.0,45.99968309048563,0.0,793.7646700302139,0.0,features,14155800,/home/jzh/PINN/LBM/PINN_Poisson/data/multistep_closed_loop/h15_p50_step200_diagnostic/safe_closed_loop/pairs/pre_poisson/3D000000007.bin,/home/jzh/PINN/LBM/PINN_Poisson/data/multistep_closed_loop/h15_p50_step200_diagnostic/safe_closed_loop/pressure_init_wait/3D000000007.bin,0.0,0.0,1,fallback;negative_direct
h15_p50_step200_diagnostic,8,9,1,,1,0,1,1000,1300,-300,2,0,0,0,-300,-1500,2450,7050,21950,0,0.0,0.0,0.0,0.0,,,,,,,,,,,,,,,,,,,4607.329543912783,3760.608041076921,846.6990479500964,2.82957695890218,0.0,45.4856549622491,0.0,798.3544180169702,0.0,features,14155800,/home/jzh/PINN/LBM/PINN_Poisson/data/multistep_closed_loop/h15_p50_step200_diagnostic/safe_closed_loop/pairs/pre_poisson/3D000000008.bin,/home/jzh/PINN/LBM/PINN_Poisson/data/multistep_closed_loop/h15_p50_step200_diagnostic/safe_closed_loop/pressure_init_wait/3D000000008.bin,0.0,0.0,1,fallback;negative_direct
h15_p50_step200_diagnostic,9,10,1,,1,0,1,1000,1300,-300,2,0,0,0,-300,-1500,2450,8100,22300,0,0.0,0.0,0.0,0.0,,,,,,,,,,,,,,,,,,,4604.058517958038,3761.672509019263,842.363556032069,4.161144024692476,0.0,46.44663608632982,0.0,791.721235960722,0.0,features,14155800,/home/jzh/PINN/LBM/PINN_Poisson/data/multistep_closed_loop/h15_p50_step200_diagnostic/safe_closed_loop/pairs/pre_poisson/3D000000009.bin,/home/jzh/PINN/LBM/PINN_Poisson/data/multistep_closed_loop/h15_p50_step200_diagnostic/safe_closed_loop/pressure_init_wait/3D000000009.bin,0.0,0.0,1,fallback;negative_direct
h15_p50_step200_diagnostic,10,11,1,,1,0,1,1000,1300,-300,2,0,0,0,-300,-500,2450,9100,22650,0,0.0,0.0,0.0,0.0,,,,,,,,,,,,,,,,,,,4652.16968592722,3759.7245069919154,892.4249639967456,4.612939897924662,0.0,49.08260400407016,0.0,838.6901059420779,0.0,features,14155800,/home/jzh/PINN/LBM/PINN_Poisson/data/multistep_closed_loop/h15_p50_step200_diagnostic/safe_closed_loop/pairs/pre_poisson/3D000000010.bin,/home/jzh/PINN/LBM/PINN_Poisson/data/multistep_closed_loop/h15_p50_step200_diagnostic/safe_closed_loop/pressure_init_wait/3D000000010.bin,0.0,0.0,1,fallback;negative_direct
h15_p50_step200_diagnostic,11,12,1,,1,0,1,1000,1300,-300,2,0,0,0,-300,-500,3450,10100,23000,0,0.0,0.0,0.0,0.0,,,,,,,,,,,,,,,,,,,4593.710719025694,3760.5644339928403,833.1237030215561,2.430459950119257,0.0,45.72960291989148,0.0,784.9364429712296,0.0,features,14155800,/home/jzh/PINN/LBM/PINN_Poisson/data/multistep_closed_loop/h15_p50_step200_diagnostic/safe_closed_loop/pairs/pre_poisson/3D000000011.bin,/home/jzh/PINN/LBM/PINN_Poisson/data/multistep_closed_loop/h15_p50_step200_diagnostic/safe_closed_loop/pressure_init_wait/3D000000011.bin,0.0,0.0,1,fallback;negative_direct
h15_p50_step200_diagnostic,12,13,1,,1,0,1,1000,1300,-300,2,0,0,0,-300,-500,3450,10100,23350,0,0.0,0.0,0.0,0.0,,,,,,,,,,,,,,,,,,,4608.786547090858,3760.1794300135225,848.5829069977626,3.9357109926640987,0.0,46.065373928286135,0.0,798.5492689767852,0.0,features,14155800,/home/jzh/PINN/LBM/PINN_Poisson/data/multistep_closed_loop/h15_p50_step200_diagnostic/safe_closed_loop/pairs/pre_poisson/3D000000012.bin,/home/jzh/PINN/LBM/PINN_Poisson/data/multistep_closed_loop/h15_p50_step200_diagnostic/safe_closed_loop/pressure_init_wait/3D000000012.bin,0.0,0.0,1,fallback;negative_direct
h15_p50_step200_diagnostic,13,14,1,,1,0,1,1000,1300,-300,2,0,0,0,-300,-500,3450,11250,23700,0,0.0,0.0,0.0,0.0,,,,,,,,,,,,,,,,,,,4580.556171014905,3761.4798879949376,819.0523609519005,2.359328093007207,0.0,46.24468903057277,0.0,770.4180289292708,0.0,features,14155800,/home/jzh/PINN/LBM/PINN_Poisson/data/multistep_closed_loop/h15_p50_step200_diagnostic/safe_closed_loop/pairs/pre_poisson/3D000000013.bin,/home/jzh/PINN/LBM/PINN_Poisson/data/multistep_closed_loop/h15_p50_step200_diagnostic/safe_closed_loop/pressure_init_wait/3D000000013.bin,0.0,0.0,1,fallback;negative_direct
h15_p50_step200_diagnostic,14,15,1,,1,0,1,1000,1300,-300,2,0,0,0,700,300,3450,12350,24050,0,0.0,0.0,0.0,0.0,,,,,,,,,,,,,,,,,,,4583.18642701488,3756.0123699950054,827.1490629995242,2.97518796287477,0.0,45.87514000013471,0.0,778.2663989346474,0.0,features,14155800,/home/jzh/PINN/LBM/PINN_Poisson/data/multistep_closed_loop/h15_p50_step200_diagnostic/safe_closed_loop/pairs/pre_poisson/3D000000014.bin,/home/jzh/PINN/LBM/PINN_Poisson/data/multistep_closed_loop/h15_p50_step200_diagnostic/safe_closed_loop/pressure_init_wait/3D000000014.bin,0.0,0.0,1,fallback;negative_direct
h15_p50_step200_diagnostic,15,16,1,,1,1,0,1000,300,700,1,1,0,0,-300,-250,2450,12400,23400,0,0.0,0.0,0.0,0.0,,,,,,,,,,,,,,,,,,,4595.569981029257,3762.139514903538,833.4047710523009,2.607741975225508,0.0,49.51859498396516,0.0,781.2503620516509,0.0,features,14155800,/home/jzh/PINN/LBM/PINN_Poisson/data/multistep_closed_loop/h15_p50_step200_diagnostic/safe_closed_loop/pairs/pre_poisson/3D000000015.bin,/home/jzh/PINN/LBM/PINN_Poisson/data/multistep_closed_loop/h15_p50_step200_diagnostic/safe_closed_loop/pressure_init_wait/3D000000015.bin,0.028467808762598693,0.008719265460968018,1,pressure_peak;false_accept
h15_p50_step200_diagnostic,16,17,1,,1,0,1,1000,1300,-300,2,0,0,0,-300,750,3450,13450,23750,0,2.2689157843637452e-06,0.0026702880859375,6.292710580497723e-06,9.171664714813232e-06,,,,,,,,,,,,,,,,,,,1810.5727040674537,952.6203540153801,857.9294449882582,2.6939200470224023,0.0,46.15140589885414,0.0,809.053662000224,0.0,features,14155800,/home/jzh/PINN/LBM/PINN_Poisson/data/multistep_closed_loop/h15_p50_step200_diagnostic/safe_closed_loop/pairs/pre_poisson/3D000000016.bin,/home/jzh/PINN/LBM/PINN_Poisson/data/multistep_closed_loop/h15_p50_step200_diagnostic/safe_closed_loop/pressure_init_wait/3D000000016.bin,0.01602712894416876,0.007400453090667725,1,fallback;negative_direct
h15_p50_step200_diagnostic,17,18,1,,1,0,1,1000,1300,-300,2,0,0,0,-300,1750,3450,14500,24100,0,5.486835495315609e-06,0.004436492919921875,9.796611415962605e-06,1.109391450881958e-05,,,,,,,,,,,,,,,,,,,4602.88742010016,3760.2120229275897,842.653508996591,2.452897955663502,0.0,45.76624697074294,0.0,794.4026259938255,0.0,features,14155800,/home/jzh/PINN/LBM/PINN_Poisson/data/multistep_closed_loop/h15_p50_step200_diagnostic/safe_closed_loop/pairs/pre_poisson/3D000000017.bin,/home/jzh/PINN/LBM/PINN_Poisson/data/multistep_closed_loop/h15_p50_step200_diagnostic/safe_closed_loop/pressure_init_wait/3D000000017.bin,0.007605454002640188,0.0027313232421875,1,fallback;negative_direct
h15_p50_step200_diagnostic,18,19,1,,1,0,1,1000,1300,-300,2,0,0,0,500,2750,3450,15550,24350,0,9.085710737445797e-06,0.005297660827636719,1.1905159006865026e-05,1.300126314163208e-05,,,,,,,,,,,,,,,,,,,4631.380861042999,3761.2400479847565,870.1184580568224,2.998684998601675,0.0,46.184960985556245,0.0,820.9039740031585,0.0,features,14155800,/home/jzh/PINN/LBM/PINN_Poisson/data/multistep_closed_loop/h15_p50_step200_diagnostic/safe_closed_loop/pairs/pre_poisson/3D000000018.bin,/home/jzh/PINN/LBM/PINN_Poisson/data/multistep_closed_loop/h15_p50_step200_diagnostic/safe_closed_loop/pressure_init_wait/3D000000018.bin,0.009955443342495868,0.0020156726241111755,1,fallback;negative_direct
h15_p50_step200_diagnostic,19,20,1,,1,1,0,800,300,500,1,1,0,0,150,2950,2650,15800,23800,0,1.1714748060125935e-05,0.0047245025634765625,1.3509872077140442e-05,1.2189149856567383e-05,,,,,,,,,,,,,,,,,,,4612.796167028137,3757.7532050199807,855.0213939743116,3.113395068794489,0.0,52.18345392495394,0.0,799.6941329911351,0.0,features,14155800,/home/jzh/PINN/LBM/PINN_Poisson/data/multistep_closed_loop/h15_p50_step200_diagnostic/safe_closed_loop/pairs/pre_poisson/3D000000019.bin,/home/jzh/PINN/LBM/PINN_Poisson/data/multistep_closed_loop/h15_p50_step200_diagnostic/safe_closed_loop/pressure_init_wait/3D000000019.bin,0.03181485807662944,0.01043274998664856,1,pressure_peak;false_accept
h15_p50_step200_diagnostic,20,21,1,,1,1,0,400,250,150,1,1,0,0,700,3500,3200,16400,23600,1,1.4806960703892588e-05,0.0035915374755859375,1.986777689175888e-05,2.0131468772888184e-05,0.0020806218394210417,0.00021308660507202148,0.002139326537648494,0.00018869712948799133,0.0011676393164477138,0.00040825456380844116,0.05285250254899327,0.009760111570358276,5.2315980188772494e-09,1,,2,2,6.781684027779011e-05,0.0,0.0,2.696226309925609e-09,3.5233711317000926e-06,1827.3797979345545,952.3633900098503,874.9945519957691,3.12719598878175,0.0,47.91447403840721,0.0,823.9196860231459,0.0,features,14155800,/home/jzh/PINN/LBM/PINN_Poisson/data/multistep_closed_loop/h15_p50_step200_diagnostic/safe_closed_loop/pairs/pre_poisson/3D000000020.bin,/home/jzh/PINN/LBM/PINN_Poisson/data/multistep_closed_loop/h15_p50_step200_diagnostic/safe_closed_loop/pressure_init_wait/3D000000020.bin,0.05285250254895261,0.009760111570358276,1,pressure_peak;false_accept
h15_p50_step200_diagnostic,21,22,1,,1,1,0,1000,300,700,1,1,0,0,700,1800,2200,16500,22700,0,2.272644080418049e-05,0.008358001708984375,3.0493434426951966e-05,3.1560659408569336e-05,,,,,,,,,,,,,,,,,,,2041.8638109695166,953.3144190208986,1088.5276339249685,4.000916960649192,0.0,60.34076097421348,0.0,1024.1444680141285,0.0,features,14155800,/home/jzh/PINN/LBM/PINN_Poisson/data/multistep_closed_loop/h15_p50_step200_diagnostic/safe_closed_loop/pairs/pre_poisson/3D000000021.bin,/home/jzh/PINN/LBM/PINN_Poisson/data/multistep_closed_loop/h15_p50_step200_diagnostic/safe_closed_loop/pressure_init_wait/3D000000021.bin,0.05036449279136635,0.009886220097541809,1,pressure_peak;false_accept
h15_p50_step200_diagnostic,22,23,1,,1,1,0,1000,300,700,1,1,0,0,700,1650,1200,16600,21900,0,3.7984197944821485e-05,0.0070667266845703125,4.6171493634861125e-05,4.137307405471802e-05,,,,,,,,,,,,,,,,,,,2314.361113938503,1002.6332139968872,1311.6986940149218,3.6042709834873676,0.0,59.25600207410753,0.0,1248.8027409417555,0.0,features,14155800,/home/jzh/PINN/LBM/PINN_Poisson/data/multistep_closed_loop/h15_p50_step200_diagnostic/safe_closed_loop/pairs/pre_poisson/3D000000022.bin,/home/jzh/PINN/LBM/PINN_Poisson/data/multistep_closed_loop/h15_p50_step200_diagnostic/safe_closed_loop/pressure_init_wait/3D000000022.bin,0.0371723377611347,0.008444622159004211,1,pressure_peak;false_accept
h15_p50_step200_diagnostic,23,24,1,,1,1,0,1000,300,700,1,1,0,0,700,1700,1200,16700,21100,0,5.7939606790190626e-05,0.013004302978515625,6.33214443850046e-05,5.288422107696533e-05,,,,,,,,,,,,,,,,,,,2048.615852952935,1003.6751290317625,1044.9120739940554,3.180601983331144,0.0,60.15978695359081,0.0,981.5351070137694,0.0,features,14155800,/home/jzh/PINN/LBM/PINN_Poisson/data/multistep_closed_loop/h15_p50_step200_diagnostic/safe_closed_loop/pairs/pre_poisson/3D000000023.bin,/home/jzh/PINN/LBM/PINN_Poisson/data/multistep_closed_loop/h15_p50_step200_diagnostic/safe_closed_loop/pressure_init_wait/3D000000023.bin,0.023452758492963296,0.002618171274662018,1,pressure_peak;false_accept
h15_p50_step200_diagnostic,24,25,1,,1,1,0,1000,300,700,1,1,0,0,700,700,200,16450,20300,0,7.935616547739896e-05,0.014261245727539062,8.143419709533301e-05,5.811452865600586e-05,,,,,,,,,,,,,,,,,,,2056.398004060611,1002.9389949049801,1053.4281650325283,3.5117199877277017,0.0,58.713455917313695,0.0,991.1676270421594,0.0,features,14155800,/home/jzh/PINN/LBM/PINN_Poisson/data/multistep_closed_loop/h15_p50_step200_diagnostic/safe_closed_loop/pairs/pre_poisson/3D000000024.bin,/home/jzh/PINN/LBM/PINN_Poisson/data/multistep_closed_loop/h15_p50_step200_diagnostic/safe_closed_loop/pressure_init_wait/3D000000024.bin,0.033703680673809085,0.0054106637835502625,1,pressure_peak;false_accept
h15_p50_step200_diagnostic,25,26,1,,1,1,0,1000,300,700,1,1,0,0,-1000,-300,200,16200,19500,0,0.00010073880467194374,0.018342971801757812,9.78025064870215e-05,6.421655416488647e-05,,,,,,,,,,,,,,,,,,,2101.563074043952,1002.6394031010568,1098.8979570101947,2.992147929035127,0.0,58.52101102937013,0.0,1037.3523959424347,0.0,features,14155800,/home/jzh/PINN/LBM/PINN_Poisson/data/multistep_closed_loop/h15_p50_step200_diagnostic/safe_closed_loop/pairs/pre_poisson/3D000000025.bin,/home/jzh/PINN/LBM/PINN_Poisson/data/multistep_closed_loop/h15_p50_step200_diagnostic/safe_closed_loop/pressure_init_wait/3D000000025.bin,0.047758677665290995,0.010191395878791809,1,pressure_peak;false_accept
h15_p50_step200_diagnostic,26,27,1,,1,0,1,300,1300,-1000,2,0,0,0,550,1400,900,17450,20500,0,0.00011933027556801124,0.0221405029296875,0.00011198269978965911,6.444007158279419e-05,,,,,,,,,,,,,,,,,,,2070.216692984104,1002.4386459263042,1067.753502051346,3.8035489851608872,0.0,60.35882304422557,0.0,1003.5567730665207,0.0,features,14155800,/home/jzh/PINN/LBM/PINN_Poisson/data/multistep_closed_loop/h15_p50_step200_diagnostic/safe_closed_loop/pairs/pre_poisson/3D000000026.bin,/home/jzh/PINN/LBM/PINN_Poisson/data/multistep_closed_loop/h15_p50_step200_diagnostic/safe_closed_loop/pressure_init_wait/3D000000026.bin,0.06595596072912793,0.00841446965932846,1,fallback;pressure_peak;negative_direct
h15_p50_step200_diagnostic,27,28,1,,1,1,0,700,150,550,1,1,0,0,750,550,1150,17250,19950,0,0.00013478149716060955,0.025453567504882812,0.00012125373714866829,6.289035081863403e-05,,,,,,,,,,,,,,,,,,,4818.376141949557,3759.7091420320794,1058.6402770131826,3.21389501914382,0.0,62.28408101014793,0.0,993.1028679711744,0.0,features,14155800,/home/jzh/PINN/LBM/PINN_Poisson/data/multistep_closed_loop/h15_p50_step200_diagnostic/safe_closed_loop/pairs/pre_poisson/3D000000027.bin,/home/jzh/PINN/LBM/PINN_Poisson/data/multistep_closed_loop/h15_p50_step200_diagnostic/safe_closed_loop/pressure_init_wait/3D000000027.bin,0.05176331797278773,0.008384540677070618,1,pressure_peak;false_accept
h15_p50_step200_diagnostic,28,29,1,,1,1,0,1000,250,750,1,1,0,0,-300,-500,100,16650,19200,0,0.00014277732458237746,0.027101516723632812,0.00012682707672148914,6.17876648902893e-05,,,,,,,,,,,,,,,,,,,1663.1877479376271,602.3317519575357,1060.8297310536727,3.4928539535030723,0.0,58.43397998251021,0.0,998.8678530789912,0.0,features,14155800,/home/jzh/PINN/LBM/PINN_Poisson/data/multistep_closed_loop/h15_p50_step200_diagnostic/safe_closed_loop/pairs/pre_poisson/3D000000028.bin,/home/jzh/PINN/LBM/PINN_Poisson/data/multistep_closed_loop/h15_p50_step200_diagnostic/safe_closed_loop/pressure_init_wait/3D000000028.bin,0.0356772422800938,0.005884736776351929,1,pressure_peak;false_accept
h15_p50_step200_diagnostic,29,30,1,,1,0,1,1000,1300,-300,2,0,0,0,-300,-500,1200,17200,19500,0,0.00014715339601381906,0.028255462646484375,0.0001296565632954468,6.070733070373535e-05,,,,,,,,,,,,,,,,,,,1907.0664319442585,852.70106990356,1054.3367090867832,3.0482748989015818,0.0,58.54187801014632,0.0,992.7144859684631,0.0,features,14155800,/home/jzh/PINN/LBM/PINN_Poisson/data/multistep_closed_loop/h15_p50_step200_diagnostic/safe_closed_loop/pairs/pre_poisson/3D000000029.bin,/home/jzh/PINN/LBM/PINN_Poisson/data/multistep_closed_loop/h15_p50_step200_diagnostic/safe_closed_loop/pressure_init_wait/3D000000029.bin,0.03743351019806899,0.006520301103591919,1,fallback;pressure_peak;negative_direct
h15_p50_step200_diagnostic,30,31,1,,1,0,1,1000,1300,-300,2,0,0,0,700,-500,2200,17650,19400,0,0.00015068807181682178,0.029088973999023438,0.00013034546039933042,5.714595317840576e-05,,,,,,,,,,,,,,,,,,,4820.719616953284,3761.647794977762,1059.047774062492,3.4672070760279894,0.0,58.95339301787317,0.0,996.5936309890822,0.0,features,14155800,/home/jzh/PINN/LBM/PINN_Poisson/data/multistep_closed_loop/h15_p50_step200_diagnostic/safe_closed_loop/pairs/pre_poisson/3D000000030.bin,/home/jzh/PINN/LBM/PINN_Poisson/data/multistep_closed_loop/h15_p50_step200_diagnostic/safe_closed_loop/pressure_init_wait/3D000000030.bin,0.03424004325734365,0.006371259689331055,1,fallback;pressure_peak;negative_direct
h15_p50_step200_diagnostic,31,32,1,,1,1,0,1000,300,700,1,1,0,0,-300,-500,1200,17100,18600,0,0.00015103890264976959,0.029327392578125,0.00012896636581023635,5.294382572174072e-05,,,,,,,,,,,,,,,,,,,4835.050135967322,3759.9666889291257,1075.059675029479,3.033755929209292,0.0,58.9620319660753,0.0,1013.0309599917382,0.0,features,14155800,/home/jzh/PINN/LBM/PINN_Poisson/data/multistep_closed_loop/h15_p50_step200_diagnostic/safe_closed_loop/pairs/pre_poisson/3D000000031.bin,/home/jzh/PINN/LBM/PINN_Poisson/data/multistep_closed_loop/h15_p50_step200_diagnostic/safe_closed_loop/pressure_init_wait/3D000000031.bin,0.013764764555270455,0.005331993103027344,0,
h15_p50_step200_diagnostic,32,33,1,,1,0,1,1000,1300,-300,2,0,0,0,-300,-500,2350,17550,18800,0,0.00014872337273071117,0.029642105102539062,0.0001278367046757898,5.225837230682373e-05,,,,,,,,,,,,,,,,,,,1944.9957869946957,953.0592110240832,991.9129110639915,3.2438880298286676,0.0,58.91803803388029,0.0,929.7196440165862,0.0,features,14155800,/home/jzh/PINN/LBM/PINN_Poisson/data/multistep_closed_loop/h15_p50_step200_diagnostic/safe_closed_loop/pairs/pre_poisson/3D000000032.bin,/home/jzh/PINN/LBM/PINN_Poisson/data/multistep_closed_loop/h15_p50_step200_diagnostic/safe_closed_loop/pressure_init_wait/3D000000032.bin,0.01016155024568716,0.003076620399951935,1,fallback;negative_direct
h15_p50_step200_diagnostic,33,34,1,,1,0,1,1000,1300,-300,2,0,0,0,-300,-500,3400,18000,19000,0,0.00014874748857320218,0.030340194702148438,0.00012715706472762214,4.903227090835571e-05,,,,,,,,,,,,,,,,,,,4602.647750987671,3760.438441997394,842.187280068174,2.578533021733165,0.0,45.9201600169763,0.0,793.6614610953256,0.0,features,14155800,/home/jzh/PINN/LBM/PINN_Poisson/data/multistep_closed_loop/h15_p50_step200_diagnostic/safe_closed_loop/pairs/pre_poisson/3D000000033.bin,/home/jzh/PINN/LBM/PINN_Poisson/data/multistep_closed_loop/h15_p50_step200_diagnostic/safe_closed_loop/pressure_init_wait/3D000000033.bin,0.008934347762531549,0.0035872384905815125,1,fallback;negative_direct
h15_p50_step200_diagnostic,34,35,1,,1,0,1,1000,1300,-300,2,0,0,0,-300,-500,3400,18450,19200,0,0.00014847508489470405,0.03086090087890625,0.0001263074181334012,4.748255014419556e-05,,,,,,,,,,,,,,,,,,,4823.614611057565,3760.523973032832,1063.069961965084,3.382563008926809,0.0,58.99444897659123,0.0,1000.6600329652429,0.0,features,14155800,/home/jzh/PINN/LBM/PINN_Poisson/data/multistep_closed_loop/h15_p50_step200_diagnostic/safe_closed_loop/pairs/pre_poisson/3D000000034.bin,/home/jzh/PINN/LBM/PINN_Poisson/data/multistep_closed_loop/h15_p50_step200_diagnostic/safe_closed_loop/pressure_init_wait/3D000000034.bin,0.006092330649586552,0.00238172709941864,1,fallback;negative_direct
h15_p50_step200_diagnostic,35,36,1,,1,0,1,1000,1300,-300,2,0,0,0,700,500,4500,18800,19400,0,0.0001476058385627513,0.031110763549804688,0.00012531754711936455,4.450976848602295e-05,,,,,,,,,,,,,,,,,,,4797.922483063303,3760.4178849142045,1037.4802950536832,3.0332719907164574,0.0,58.206957997754216,0.0,976.2078039348125,0.0,features,14155800,/home/jzh/PINN/LBM/PINN_Poisson/data/multistep_closed_loop/h15_p50_step200_diagnostic/safe_closed_loop/pairs/pre_poisson/3D000000035.bin,/home/jzh/PINN/LBM/PINN_Poisson/data/multistep_closed_loop/h15_p50_step200_diagnostic/safe_closed_loop/pressure_init_wait/3D000000035.bin,0.0037331486736883503,0.0010291412472724915,1,fallback;negative_direct
h15_p50_step200_diagnostic,36,37,1,,1,1,0,1000,300,700,1,1,0,0,-300,-500,4500,18300,18600,0,0.00014690578244935665,0.03127861022949219,0.0001244961086913826,4.29004430770874e-05,,,,,,,,,,,,,,,,,,,4832.246017991565,3760.7901740120724,1071.4287690352648,3.336644032970071,0.0,60.252494062297046,0.0,1007.8037509229034,0.0,features,14155800,/home/jzh/PINN/LBM/PINN_Poisson/data/multistep_closed_loop/h15_p50_step200_diagnostic/safe_closed_loop/pairs/pre_poisson/3D000000036.bin,/home/jzh/PINN/LBM/PINN_Poisson/data/multistep_closed_loop/h15_p50_step200_diagnostic/safe_closed_loop/pressure_init_wait/3D000000036.bin,0.033755107432384586,0.006972596049308777,1,pressure_peak;false_accept
h15_p50_step200_diagnostic,37,38,1,,1,0,1,1000,1300,-300,2,0,0,0,-300,-500,4500,18650,18800,0,0.00014637611395599997,0.03130531311035156,0.00012454791031141089,3.857910633087158e-05,,,,,,,,,,,,,,,,,,,2000.6049840012565,952.6791659882292,1047.9016170138493,3.0221790075302124,0.0,60.1234519854188,0.0,984.7195660695434,0.0,features,14155800,/home/jzh/PINN/LBM/PINN_Poisson/data/multistep_closed_loop/h15_p50_step200_diagnostic/safe_closed_loop/pairs/pre_poisson/3D000000037.bin,/home/jzh/PINN/LBM/PINN_Poisson/data/multistep_closed_loop/h15_p50_step200_diagnostic/safe_closed_loop/pressure_init_wait/3D000000037.bin,0.0281543657997569,0.0027982518076896667,1,fallback;pressure_peak;negative_direct
h15_p50_step200_diagnostic,38,39,1,,1,0,1,1000,1300,-300,2,0,0,0,-300,500,5600,19000,19000,0,0.00014844510042472806,0.03192901611328125,0.00012583510927783033,3.579258918762207e-05,,,,,,,,,,,,,,,,,,,4806.003396050073,3759.763457928784,1046.213197056204,3.344740020111203,0.0,60.114527004770935,0.0,982.7207259368151,0.0,features,14155800,/home/jzh/PINN/LBM/PINN_Poisson/data/multistep_closed_loop/h15_p50_step200_diagnostic/safe_closed_loop/pairs/pre_poisson/3D000000038.bin,/home/jzh/PINN/LBM/PINN_Poisson/data/multistep_closed_loop/h15_p50_step200_diagnostic/safe_closed_loop/pressure_init_wait/3D000000038.bin,0.026194472960024456,0.002114519476890564,1,fallback;pressure_peak;negative_direct
h15_p50_step200_diagnostic,39,40,1,,1,0,1,1000,1300,-300,2,0,0,0,700,500,6650,19400,19200,0,0.00015097557580144735,0.03254508972167969,0.0001272745188641152,3.3371150493621826e-05,,,,,,,,,,,,,,,,,,,4781.035428051837,3760.3058790555224,1020.7048309966922,2.991170040331781,0.0,58.546658023260534,0.0,959.1347239911556,0.0,features,14155800,/home/jzh/PINN/LBM/PINN_Poisson/data/multistep_closed_loop/h15_p50_step200_diagnostic/safe_closed_loop/pairs/pre_poisson/3D000000039.bin,/home/jzh/PINN/LBM/PINN_Poisson/data/multistep_closed_loop/h15_p50_step200_diagnostic/safe_closed_loop/pressure_init_wait/3D000000039.bin,0.026972607914850538,0.002576887607574463,1,fallback;pressure_peak;negative_direct
h15_p50_step200_diagnostic,40,41,1,,1,1,0,1000,300,700,1,1,0,0,-300,500,6650,18750,18400,0,0.00015249584257743756,0.03383636474609375,0.00012823703545082,3.415346145629883e-05,,,,,,,,,,,,,,,,,,,4827.197183039971,3762.311220052652,1064.8605090100318,3.484882996417582,0.0,59.47784706950188,0.0,1001.8645990639925,0.0,features,14155800,/home/jzh/PINN/LBM/PINN_Poisson/data/multistep_closed_loop/h15_p50_step200_diagnostic/safe_closed_loop/pairs/pre_poisson/3D000000040.bin,/home/jzh/PINN/LBM/PINN_Poisson/data/multistep_closed_loop/h15_p50_step200_diagnostic/safe_closed_loop/pressure_init_wait/3D000000040.bin,0.04602966541294274,0.0037309378385543823,1,pressure_peak;false_accept
h15_p50_step200_diagnostic,41,42,1,,1,0,1,1000,1300,-300,2,0,0,0,-300,500,7650,19100,18600,0,0.00015374723817720528,0.03520965576171875,0.0001295582952147002,3.523007035255432e-05,,,,,,,,,,,,,,,,,,,2032.940229983069,1003.4261769615114,1029.4881178997457,2.940078964456916,0.0,58.681361959315836,0.0,967.829258996062,0.0,features,14155800,/home/jzh/PINN/LBM/PINN_Poisson/data/multistep_closed_loop/h15_p50_step200_diagnostic/safe_closed_loop/pairs/pre_poisson/3D000000041.bin,/home/jzh/PINN/LBM/PINN_Poisson/data/multistep_closed_loop/h15_p50_step200_diagnostic/safe_closed_loop/pressure_init_wait/3D000000041.bin,0.044792969956526124,0.0022861063480377197,1,fallback;pressure_peak;negative_direct
h15_p50_step200_diagnostic,42,43,1,,1,0,1,1000,1300,-300,2,0,0,0,700,1600,7650,19500,18800,0,0.00015628798032677615,0.0369720458984375,0.00013121329011041535,3.714114427566528e-05,,,,,,,,,,,,,,,,,,,4822.7621600963175,3760.104472981766,1062.631213106215,8.504434954375029,0.0,107.75812598876655,0.0,946.3238819735125,0.0,features,14155800,/home/jzh/PINN/LBM/PINN_Poisson/data/multistep_closed_loop/h15_p50_step200_diagnostic/safe_closed_loop/pairs/pre_poisson/3D000000042.bin,/home/jzh/PINN/LBM/PINN_Poisson/data/multistep_closed_loop/h15_p50_step200_diagnostic/safe_closed_loop/pressure_init_wait/3D000000042.bin,0.04511871325750985,0.002837076783180237,1,fallback;pressure_peak;negative_direct
h15_p50_step200_diagnostic,43,44,1,,1,1,0,1000,300,700,1,1,0,0,-300,600,7800,18850,18000,0,0.00015861325088460933,0.03872489929199219,0.00013240059324946314,3.93502414226532e-05,,,,,,,,,,,,,,,,,,,4798.0949599295855,3761.0894070239738,1036.9791879784316,3.0414180364459753,0.0,59.654684038832784,0.0,974.2480390705168,0.0,features,14155800,/home/jzh/PINN/LBM/PINN_Poisson/data/multistep_closed_loop/h15_p50_step200_diagnostic/safe_closed_loop/pairs/pre_poisson/3D000000043.bin,/home/jzh/PINN/LBM/PINN_Poisson/data/multistep_closed_loop/h15_p50_step200_diagnostic/safe_closed_loop/pressure_init_wait/3D000000043.bin,0.05942609771159716,0.0038461610674858093,1,pressure_peak;false_accept
h15_p50_step200_diagnostic,44,45,1,,1,0,1,1000,1300,-300,2,0,0,0,700,1700,8900,19200,18300,0,0.0001596026048672579,0.04063606262207031,0.00013396817351770632,4.1015446186065674e-05,,,,,,,,,,,,,,,,,,,1966.0378070548177,953.3496159128845,1012.661756016314,3.3899780828505754,0.0,58.35987196769565,0.0,950.8763459743932,0.0,features,14155800,/home/jzh/PINN/LBM/PINN_Poisson/data/multistep_closed_loop/h15_p50_step200_diagnostic/safe_closed_loop/pairs/pre_poisson/3D000000044.bin,/home/jzh/PINN/LBM/PINN_Poisson/data/multistep_closed_loop/h15_p50_step200_diagnostic/safe_closed_loop/pressure_init_wait/3D000000044.bin,0.05870992045026541,0.0022214800119400024,1,fallback;pressure_peak;negative_direct
h15_p50_step200_diagnostic,45,46,1,,1,1,0,1000,300,700,1,1,0,0,-300,1700,8950,18550,17600,0,0.0001617675096523326,0.04252433776855469,0.00013542564042482794,4.260614514350891e-05,,,,,,,,,,,,,,,,,,,4685.636335983872,3760.20293997135,925.4092780174688,2.70364701282233,0.0,49.96870702598244,0.0,872.7049169829115,0.0,features,14155800,/home/jzh/PINN/LBM/PINN_Poisson/data/multistep_closed_loop/h15_p50_step200_diagnostic/safe_closed_loop/pairs/pre_poisson/3D000000045.bin,/home/jzh/PINN/LBM/PINN_Poisson/data/multistep_closed_loop/h15_p50_step200_diagnostic/safe_closed_loop/pressure_init_wait/3D000000045.bin,0.07082104549615685,0.0025350749492645264,1,pressure_peak;false_accept
h15_p50_step200_diagnostic,46,47,1,,1,0,1,1000,1300,-300,2,0,0,0,800,1700,10000,18950,17900,0,0.0001633814962525983,0.04363250732421875,0.0001372938987438594,4.3664127588272095e-05,,,,,,,,,,,,,,,,,,,1914.0667819883674,1002.9145019361749,911.1280849901959,2.983342041261494,0.0,49.448478035628796,0.0,858.6593280779198,0.0,features,14155800,/home/jzh/PINN/LBM/PINN_Poisson/data/multistep_closed_loop/h15_p50_step200_diagnostic/safe_closed_loop/pairs/pre_poisson/3D000000046.bin,/home/jzh/PINN/LBM/PINN_Poisson/data/multistep_closed_loop/h15_p50_step200_diagnostic/safe_closed_loop/pressure_init_wait/3D000000046.bin,0.07033762277087954,0.002121761441230774,1,fallback;pressure_peak;negative_direct
h15_p50_step200_diagnostic,47,48,1,,1,1,0,1000,200,800,1,1,0,0,-300,1750,9950,18200,17100,0,0.0001654591727524571,0.04442596435546875,0.00013881684026658805,4.46811318397522e-05,,,,,,,,,,,,,,,,,,,4698.185375076719,3761.3857919350266,936.7731519741938,2.5768110062927008,0.0,56.17193994112313,0.0,877.975326962769,0.0,features,14155800,/home/jzh/PINN/LBM/PINN_Poisson/data/multistep_closed_loop/h15_p50_step200_diagnostic/safe_closed_loop/pairs/pre_poisson/3D000000047.bin,/home/jzh/PINN/LBM/PINN_Poisson/data/multistep_closed_loop/h15_p50_step200_diagnostic/safe_closed_loop/pressure_init_wait/3D000000047.bin,0.08110299746765223,0.0029834508895874023,1,pressure_peak;false_accept
h15_p50_step200_diagnostic,48,49,1,,1,0,1,1000,1300,-300,2,0,0,0,800,2800,11000,18550,17400,0,0.00016709897724695314,0.04458045959472656,0.00014076506760920355,4.532560706138611e-05,,,,,,,,,,,,,,,,,,,1773.2995559927076,702.6234470540658,1070.6534429918975,3.83985904045403,0.0,57.38467106129974,0.0,1009.3953859759495,0.0,features,14155800,/home/jzh/PINN/LBM/PINN_Poisson/data/multistep_closed_loop/h15_p50_step200_diagnostic/safe_closed_loop/pairs/pre_poisson/3D000000048.bin,/home/jzh/PINN/LBM/PINN_Poisson/data/multistep_closed_loop/h15_p50_step200_diagnostic/safe_closed_loop/pressure_init_wait/3D000000048.bin,0.08080150181203959,0.0024215802550315857,1,fallback;pressure_peak;negative_direct
h15_p50_step200_diagnostic,49,50,1,,1,1,0,1000,200,800,1,1,0,0,700,1700,10950,17800,16600,0,0.0001688496490301791,0.045745849609375,0.00014220508425995214,4.57763671875e-05,,,,,,,,,,,,,,,,,,,6040.065792971291,5163.807839038782,876.2335400097072,4.688416025601327,0.0,50.8803689153865,0.0,820.6265650223941,0.0,features,14155800,/home/jzh/PINN/LBM/PINN_Poisson/data/multistep_closed_loop/h15_p50_step200_diagnostic/safe_closed_loop/pairs/pre_poisson/3D000000049.bin,/home/jzh/PINN/LBM/PINN_Poisson/data/multistep_closed_loop/h15_p50_step200_diagnostic/safe_closed_loop/pressure_init_wait/3D000000049.bin,0.08938961237105686,0.003069736063480377,1,pressure_peak;false_accept
h15_p50_step200_diagnostic,50,51,1,,1,1,0,1000,300,700,1,1,0,0,-300,1800,11000,17300,15900,0,0.00017023519339896885,0.04613494873046875,0.00014393676224165388,4.637986421585083e-05,,,,,,,,,,,,,,,,,,,1509.7655629506335,701.9466690253466,807.7956249471754,2.7849930338561535,0.0,42.58238198235631,0.0,762.397876009345,0.0,features,14155800,/home/jzh/PINN/LBM/PINN_Poisson/data/multistep_closed_loop/h15_p50_step200_diagnostic/safe_closed_loop/pairs/pre_poisson/3D000000050.bin,/home/jzh/PINN/LBM/PINN_Poisson/data/multistep_closed_loop/h15_p50_step200_diagnostic/safe_closed_loop/pressure_init_wait/3D000000050.bin,0.09663255156220583,0.002776600420475006,1,pressure_peak;false_accept
h15_p50_step200_diagnostic,51,52,1,,1,0,1,1000,1300,-300,2,0,0,0,850,2800,12100,17650,16200,0,0.00017168390890401623,0.04629325866699219,0.00014621412961245386,4.7031790018081665e-05,,,,,,,,,,,,,,,,,,,1735.3743819985539,952.5996360462159,782.7540339203551,6.308409036137164,0.0,60.85252808406949,0.0,715.5622229911387,0.0,features,14155800,/home/jzh/PINN/LBM/PINN_Poisson/data/multistep_closed_loop/h15_p50_step200_diagnostic/safe_closed_loop/pairs/pre_poisson/3D000000051.bin,/home/jzh/PINN/LBM/PINN_Poisson/data/multistep_closed_loop/h15_p50_step200_diagnostic/safe_closed_loop/pressure_init_wait/3D000000051.bin,0.09612489265654617,0.0027921870350837708,1,fallback;pressure_peak;negative_direct
h15_p50_step200_diagnostic,52,53,1,,1,1,0,1000,150,850,1,1,0,0,750,1650,12050,16850,15350,0,0.00017461343873979987,0.04638671875,0.0001483211693711841,4.7869980335235596e-05,,,,,,,,,,,,,,,,,,,4588.8010209891945,3760.754454997368,828.026445931755,4.597079940140247,0.0,45.14428600668907,0.0,778.2552760327235,0.0,features,14155800,/home/jzh/PINN/LBM/PINN_Poisson/data/multistep_closed_loop/h15_p50_step200_diagnostic/safe_closed_loop/pairs/pre_poisson/3D000000052.bin,/home/jzh/PINN/LBM/PINN_Poisson/data/multistep_closed_loop/h15_p50_step200_diagnostic/safe_closed_loop/pressure_init_wait/3D000000052.bin,0.10295323560079116,0.003964841365814209,1,pressure_peak;false_accept
h15_p50_step200_diagnostic,53,54,1,,1,1,0,1000,250,750,1,1,0,0,-300,1700,12100,16150,14600,0,0.00017684731591865625,0.04553985595703125,0.00015039238215353425,4.79966402053833e-05,,,,,,,,,,,,,,,,,,,1379.5333500020206,551.8564980011433,827.6551510207355,5.127410055138171,0.0,103.3972860313952,0.0,719.0964909968898,0.0,features,14155800,/home/jzh/PINN/LBM/PINN_Poisson/data/multistep_closed_loop/h15_p50_step200_diagnostic/safe_closed_loop/pairs/pre_poisson/3D000000053.bin,/home/jzh/PINN/LBM/PINN_Poisson/data/multistep_closed_loop/h15_p50_step200_diagnostic/safe_closed_loop/pressure_init_wait/3D000000053.bin,0.1091504885223327,0.002275504171848297,1,pressure_peak;false_accept
h15_p50_step200_diagnostic,54,55,1,,1,0,1,1000,1300,-300,2,0,0,0,800,2750,12850,16650,14900,0,0.00017923850634248264,0.04446220397949219,0.00015342026465069053,4.805997014045715e-05,,,,,,,,,,,,,,,,,,,1678.0559730250388,852.7810759842396,825.2536359941587,5.760509986430407,0.0,97.36198605969548,0.0,722.0937790116295,0.0,features,14155800,/home/jzh/PINN/LBM/PINN_Poisson/data/multistep_closed_loop/h15_p50_step200_diagnostic/safe_closed_loop/pairs/pre_poisson/3D000000054.bin,/home/jzh/PINN/LBM/PINN_Poisson/data/multistep_closed_loop/h15_p50_step200_diagnostic/safe_closed_loop/pressure_init_wait/3D000000054.bin,0.10809161432254581,0.0042875781655311584,1,fallback;pressure_peak;negative_direct
h15_p50_step200_diagnostic,55,56,1,,1,1,0,1000,200,800,1,1,0,0,700,2650,12500,15900,14100,0,0.000182953363558552,0.04340553283691406,0.00015640282062692618,4.834309220314026e-05,,,,,,,,,,,,,,,,,,,4711.780520039611,3761.4999159704894,950.258344062604,5.2107739029452205,0.0,57.802836992777884,0.0,887.2088839998469,0.0,features,14155800,/home/jzh/PINN/LBM/PINN_Poisson/data/multistep_closed_loop/h15_p50_step200_diagnostic/safe_closed_loop/pairs/pre_poisson/3D000000055.bin,/home/jzh/PINN/LBM/PINN_Poisson/data/multistep_closed_loop/h15_p50_step200_diagnostic/safe_closed_loop/pressure_init_wait/3D000000055.bin,0.11364459919841903,0.005132883787155151,1,pressure_peak;false_accept
h15_p50_step200_diagnostic,56,57,1,,1,1,0,1000,300,700,1,1,0,0,-300,2650,12050,15250,13400,0,0.00018623536863044974,0.04327583312988281,0.00015967039100963076,4.812702536582947e-05,,,,,,,,,,,,,,,,,,,1612.3778750188649,702.7732579736039,909.5802389783785,3.9524510502815247,0.0,45.43874692171812,0.0,860.1563420379534,0.0,features,14155800,/home/jzh/PINN/LBM/PINN_Poisson/data/multistep_closed_loop/h15_p50_step200_diagnostic/safe_closed_loop/pairs/pre_poisson/3D000000056.bin,/home/jzh/PINN/LBM/PINN_Poisson/data/multistep_closed_loop/h15_p50_step200_diagnostic/safe_closed_loop/pressure_init_wait/3D000000056.bin,0.1167182797726314,0.002194751054048538,1,pressure_peak;false_accept
h15_p50_step200_diagnostic,57,58,1,,1,0,1,1000,1300,-300,2,0,0,0,800,2650,12700,15600,13700,0,0.0001894756168534591,0.041843414306640625,0.00016334148169756964,4.797056317329407e-05,,,,,,,,,,,,,,,,,,,1869.7072570212185,952.1543059963733,917.5311529543251,3.165678004734218,0.0,50.191511050798,0.0,864.1396840102971,0.0,features,14155800,/home/jzh/PINN/LBM/PINN_Poisson/data/multistep_closed_loop/h15_p50_step200_diagnostic/safe_closed_loop/pairs/pre_poisson/3D000000057.bin,/home/jzh/PINN/LBM/PINN_Poisson/data/multistep_closed_loop/h15_p50_step200_diagnostic/safe_closed_loop/pressure_init_wait/3D000000057.bin,0.11664094254527327,0.003954477608203888,1,fallback;pressure_peak;negative_direct
h15_p50_step200_diagnostic,58,59,1,,1,1,0,1000,200,800,1,1,0,0,750,2700,12050,14900,12900,0,0.0001934964976868849,0.043140411376953125,0.00016631879843238828,4.779547452926636e-05,,,,,,,,,,,,,,,,,,,4699.171202024445,3760.2133540203795,938.9328089309856,3.1615840271115303,0.0,51.76367599051446,0.0,883.974116994068,0.0,features,14155800,/home/jzh/PINN/LBM/PINN_Poisson/data/multistep_closed_loop/h15_p50_step200_diagnostic/safe_closed_loop/pairs/pre_poisson/3D000000058.bin,/home/jzh/PINN/LBM/PINN_Poisson/data/multistep_closed_loop/h15_p50_step200_diagnostic/safe_closed_loop/pressure_init_wait/3D000000058.bin,0.11937368265444491,0.003188401460647583,1,pressure_peak;false_accept
h15_p50_step200_diagnostic,59,60,1,,1,1,0,1000,250,750,1,1,0,0,700,2750,11550,14200,12150,0,0.00019661078864881582,0.04429054260253906,0.00016883218309744354,4.694238305091858e-05,,,,,,,,,,,,,,,,,,,1655.7125200051814,701.3344980077818,954.3551560491323,4.091309034265578,0.0,52.981537068262696,0.0,897.2461349330842,0.0,features,14155800,/home/jzh/PINN/LBM/PINN_Poisson/data/multistep_closed_loop/h15_p50_step200_diagnostic/safe_closed_loop/pairs/pre_poisson/3D000000059.bin,/home/jzh/PINN/LBM/PINN_Poisson/data/multistep_closed_loop/h15_p50_step200_diagnostic/safe_closed_loop/pressure_init_wait/3D000000059.bin,0.12263513231236763,0.0031120404601097107,1,pressure_peak;false_accept
h15_p50_step200_diagnostic,60,61,1,,1,1,0,1000,300,700,1,1,0,0,700,2800,11000,13550,11450,0,0.00019934329432125535,0.04522705078125,0.0001716143461266959,4.639476537704468e-05,,,,,,,,,,,,,,,,,,,1718.8724409788847,802.3352039745077,916.5151700144634,3.338507958687842,0.0,49.22377900220454,0.0,863.920405972749,0.0,features,14155800,/home/jzh/PINN/LBM/PINN_Poisson/data/multistep_closed_loop/h15_p50_step200_diagnostic/safe_closed_loop/pairs/pre_poisson/3D000000060.bin,/home/jzh/PINN/LBM/PINN_Poisson/data/multistep_closed_loop/h15_p50_step200_diagnostic/safe_closed_loop/pressure_init_wait/3D000000060.bin,0.12425647998858573,0.002250269055366516,1,pressure_peak;false_accept
h15_p50_step200_diagnostic,61,62,1,,1,1,0,1000,300,700,1,1,0,0,-300,2850,10450,12900,10750,0,0.0002027225865266917,0.04627799987792969,0.00017494935907397935,4.804693162441254e-05,,,,,,,,,,,,,,,,,,,1927.7850129874423,1002.603019005619,925.1586679602042,2.6955610373988748,0.0,50.006240024231374,0.0,872.4271319806576,0.0,features,14155800,/home/jzh/PINN/LBM/PINN_Poisson/data/multistep_closed_loop/h15_p50_step200_diagnostic/safe_closed_loop/pairs/pre_poisson/3D000000061.bin,/home/jzh/PINN/LBM/PINN_Poisson/data/multistep_closed_loop/h15_p50_step200_diagnostic/safe_closed_loop/pressure_init_wait/3D000000061.bin,0.12637693904760433,0.003535918891429901,1,pressure_peak;false_accept
h15_p50_step200_diagnostic,62,63,1,,1,0,1,1000,1300,-300,2,0,0,0,850,3900,10900,13250,11050,0,0.00020691605574140948,0.04747962951660156,0.00017901064608080285,4.9872323870658875e-05,,,,,,,,,,,,,,,,,,,1947.2098289988935,1002.9130619950593,944.274531910196,5.409838980995119,0.0,51.1157299624756,0.0,887.7134450012818,0.0,features,14155800,/home/jzh/PINN/LBM/PINN_Poisson/data/multistep_closed_loop/h15_p50_step200_diagnostic/safe_closed_loop/pairs/pre_poisson/3D000000062.bin,/home/jzh/PINN/LBM/PINN_Poisson/data/multistep_closed_loop/h15_p50_step200_diagnostic/safe_closed_loop/pressure_init_wait/3D000000062.bin,0.12579687592591968,0.005240924656391144,1,fallback;pressure_peak;negative_direct
h15_p50_step200_diagnostic,63,64,1,,1,1,0,1000,150,850,1,1,0,0,800,3800,10200,12450,10200,0,0.00021164998336111913,0.0490570068359375,0.0001822856572981782,5.142670124769211e-05,,,,,,,,,,,,,,,,,,,4728.846263024025,3761.709943995811,967.1124910237268,4.712760914117098,0.0,54.38473098911345,0.0,907.9769189702347,0.0,features,14155800,/home/jzh/PINN/LBM/PINN_Poisson/data/multistep_closed_loop/h15_p50_step200_diagnostic/safe_closed_loop/pairs/pre_poisson/3D000000063.bin,/home/jzh/PINN/LBM/PINN_Poisson/data/multistep_closed_loop/h15_p50_step200_diagnostic/safe_closed_loop/pressure_init_wait/3D000000063.bin,0.12813394411438334,0.005968354642391205,1,pressure_peak;false_accept
h15_p50_step200_diagnostic,64,65,1,,1,1,0,1000,200,800,1,1,0,0,750,3750,9550,11700,9400,0,0.0002154836087413835,0.05043601989746094,0.00018517581955501051,5.2813440561294556e-05,,,,,,,,,,,,,,,,,,,2250.8917679078877,551.615159958601,1699.252397986129,3.3894189400598407,0.0,49.51376095414162,0.0,1646.3177290279418,0.0,features,14155800,/home/jzh/PINN/LBM/PINN_Poisson/data/multistep_closed_loop/h15_p50_step200_diagnostic/safe_closed_loop/pairs/pre_poisson/3D000000064.bin,/home/jzh/PINN/LBM/PINN_Poisson/data/multistep_closed_loop/h15_p50_step200_diagnostic/safe_closed_loop/pressure_init_wait/3D000000064.bin,0.12841365850519906,0.0029625706374645233,1,pressure_peak;false_accept
h15_p50_step200_diagnostic,65,66,1,,1,1,0,1000,250,750,1,1,0,0,750,3750,8850,11000,8650,0,0.00021828736755482979,0.051654815673828125,0.00018792819004233104,5.4214149713516235e-05,,,,,,,,,,,,,,,,,,,2550.413700984791,1602.5110899936408,947.8827799903229,3.0589710222557187,0.0,51.93742900155485,0.0,892.8534530568868,0.0,features,14155800,/home/jzh/PINN/LBM/PINN_Poisson/data/multistep_closed_loop/h15_p50_step200_diagnostic/safe_closed_loop/pairs/pre_poisson/3D000000065.bin,/home/jzh/PINN/LBM/PINN_Poisson/data/multistep_closed_loop/h15_p50_step200_diagnostic/safe_closed_loop/pressure_init_wait/3D000000065.bin,0.12912923036123172,0.0041188932955265045,1,pressure_peak;false_accept
h15_p50_step200_diagnostic,66,67,1,,1,1,0,1000,250,750,1,1,0,0,750,3800,8300,10300,7900,0,0.00022111596542989816,0.05291748046875,0.0001908878075239422,5.560554563999176e-05,,,,,,,,,,,,,,,,,,,1787.129985052161,851.6405409900472,935.4644539998844,3.110990975983441,0.0,50.6698340177536,0.0,881.6532898927107,0.0,features,14155800,/home/jzh/PINN/LBM/PINN_Poisson/data/multistep_closed_loop/h15_p50_step200_diagnostic/safe_closed_loop/pairs/pre_poisson/3D000000066.bin,/home/jzh/PINN/LBM/PINN_Poisson/data/multistep_closed_loop/h15_p50_step200_diagnostic/safe_closed_loop/pressure_init_wait/3D000000066.bin,0.12845148881081092,0.0029219239950180054,1,pressure_peak;false_accept
h15_p50_step200_diagnostic,67,68,1,,1,1,0,1000,250,750,1,1,0,0,750,3850,7600,9600,7150,0,0.0002243821142978437,0.05433845520019531,0.00019414268067171025,5.692988634109497e-05,,,,,,,,,,,,,,,,,,,1790.1352070039138,851.6218720469624,938.4892369853333,2.648469991981983,0.0,50.20447098650038,0.0,885.6042940169573,0.0,features,14155800,/home/jzh/PINN/LBM/PINN_Poisson/data/multistep_closed_loop/h15_p50_step200_diagnostic/safe_closed_loop/pairs/pre_poisson/3D000000067.bin,/home/jzh/PINN/LBM/PINN_Poisson/data/multistep_closed_loop/h15_p50_step200_diagnostic/safe_closed_loop/pressure_init_wait/3D000000067.bin,0.1280086106494476,0.0034280382096767426,1,pressure_peak;false_accept
h15_p50_step200_diagnostic,68,69,1,,1,1,0,1000,250,750,1,1,0,0,750,3900,6900,8800,6400,0,0.00022825304865857794,0.055919647216796875,0.00019783370789167628,5.814991891384125e-05,,,,,,,,,,,,,,,,,,,1771.2366560008377,851.9445399288088,919.2684240406379,5.857041920535266,0.0,118.50270291324705,0.0,794.8530450230464,0.0,features,14155800,/home/jzh/PINN/LBM/PINN_Poisson/data/multistep_closed_loop/h15_p50_step200_diagnostic/safe_closed_loop/pairs/pre_poisson/3D000000068.bin,/home/jzh/PINN/LBM/PINN_Poisson/data/multistep_closed_loop/h15_p50_step200_diagnostic/safe_closed_loop/pressure_init_wait/3D000000068.bin,0.12618058354867395,0.0028861351311206818,1,pressure_peak;false_accept
h15_p50_step200_diagnostic,69,70,1,,1,1,0,1000,250,750,1,1,0,0,750,3600,6250,8000,4950,0,0.00023259647018255742,0.057651519775390625,0.00020185818928994309,5.942583084106445e-05,,,,,,,,,,,,,,,,,,,2572.2974500386044,851.9345660461113,1720.340739004314,6.338003091514111,0.0,109.89548801444471,0.0,1604.0385540109128,0.0,features,14155800,/home/jzh/PINN/LBM/PINN_Poisson/data/multistep_closed_loop/h15_p50_step200_diagnostic/safe_closed_loop/pairs/pre_poisson/3D000000069.bin,/home/jzh/PINN/LBM/PINN_Poisson/data/multistep_closed_loop/h15_p50_step200_diagnostic/safe_closed_loop/pressure_init_wait/3D000000069.bin,0.12424729420030964,0.0030674822628498077,1,pressure_peak;false_accept
h15_p50_step200_diagnostic,70,71,1,,1,1,0,1000,250,750,1,1,0,0,800,3300,5550,7200,4100,0,0.00023738627034743253,0.05945587158203125,0.0002062389616182702,6.054714322090149e-05,,,,,,,,,,,,,,,,,,,2662.9205810604617,1753.743437002413,909.1566629940644,9.292976930737495,0.0,104.7762620728463,0.0,795.0376380467787,0.0,features,14155800,/home/jzh/PINN/LBM/PINN_Poisson/data/multistep_closed_loop/h15_p50_step200_diagnostic/safe_closed_loop/pairs/pre_poisson/3D000000070.bin,/home/jzh/PINN/LBM/PINN_Poisson/data/multistep_closed_loop/h15_p50_step200_diagnostic/safe_closed_loop/pressure_init_wait/3D000000070.bin,0.12085255632094738,0.002803567796945572,1,pressure_peak;false_accept
h15_p50_step200_diagnostic,71,72,1,,1,1,0,1000,200,800,1,1,0,0,800,2750,4800,6200,3200,0,0.00024244830532822,0.06131172180175781,0.00021081351515341774,6.150081753730774e-05,,,,,,,,,,,,,,,,,,,1728.5057320259511,852.8411199804395,875.6423318991438,7.705527008511126,0.0,100.43762903660536,0.0,767.4582810141146,0.0,features,14155800,/home/jzh/PINN/LBM/PINN_Poisson/data/multistep_closed_loop/h15_p50_step200_diagnostic/safe_closed_loop/pairs/pre_poisson/3D000000071.bin,/home/jzh/PINN/LBM/PINN_Poisson/data/multistep_closed_loop/h15_p50_step200_diagnostic/safe_closed_loop/pressure_init_wait/3D000000071.bin,0.11777124234327606,0.003416758030653,1,pressure_peak;false_accept
h15_p50_step200_diagnostic,72,73,1,,1,1,0,1000,200,800,1,1,0,0,800,2300,4100,5300,2300,0,0.0002478215882251347,0.06319046020507812,0.00021573283105289474,6.321445107460022e-05,,,,,,,,,,,,,,,,,,,1657.5066030491143,702.4027520092204,955.0812819506973,7.598647964186966,0.0,100.8992959978059,0.0,846.5343479765579,0.0,features,14155800,/home/jzh/PINN/LBM/PINN_Poisson/data/multistep_closed_loop/h15_p50_step200_diagnostic/safe_closed_loop/pairs/pre_poisson/3D000000072.bin,/home/jzh/PINN/LBM/PINN_Poisson/data/multistep_closed_loop/h15_p50_step200_diagnostic/safe_closed_loop/pressure_init_wait/3D000000072.bin,0.11315893373133892,0.0027897506952285767,1,pressure_peak;false_accept
h15_p50_step200_diagnostic,73,74,1,,1,1,0,1000,200,800,1,1,0,0,450,1650,3350,4400,1500,0,0.00025332155585629245,0.06509208679199219,0.0002208698621596124,6.512552499771118e-05,,,,,,,,,,,,,,,,,,,1641.4087349548936,702.2571630077437,939.1284909797832,5.618417984806001,0.0,106.44696990493685,0.0,827.005009050481,0.0,features,14155800,/home/jzh/PINN/LBM/PINN_Poisson/data/multistep_closed_loop/h15_p50_step200_diagnostic/safe_closed_loop/pairs/pre_poisson/3D000000073.bin,/home/jzh/PINN/LBM/PINN_Poisson/data/multistep_closed_loop/h15_p50_step200_diagnostic/safe_closed_loop/pressure_init_wait/3D000000073.bin,0.10844230354804572,0.00358504056930542,1,pressure_peak;false_accept
h15_p50_step200_diagnostic,74,75,1,,1,1,0,600,150,450,1,1,0,0,450,1450,2950,3850,1050,0,0.0002589155994272567,0.06699371337890625,0.00022619455110057756,6.704777479171753e-05,,,,,,,,,,,,,,,,,,,1618.7572580529377,702.3247149772942,916.4088370744139,7.870524073950946,0.0,105.73318100068718,0.0,802.7510619722307,0.0,features,14155800,/home/jzh/PINN/LBM/PINN_Poisson/data/multistep_closed_loop/h15_p50_step200_diagnostic/safe_closed_loop/pairs/pre_poisson/3D000000074.bin,/home/jzh/PINN/LBM/PINN_Poisson/data/multistep_closed_loop/h15_p50_step200_diagnostic/safe_closed_loop/pressure_init_wait/3D000000074.bin,0.09959191890063505,0.0030084438621997833,1,pressure_peak;false_accept
h15_p50_step200_diagnostic,75,76,1,,1,1,0,600,150,450,1,1,0,0,250,1150,2550,3300,600,0,0.0002647266460133878,0.0689697265625,0.00023178551959065113,6.906315684318542e-05,,,,,,,,,,,,,,,,,,,1492.4902589991689,552.0860610995442,940.3843129985034,7.367579033598304,0.0,102.5806819088757,0.0,830.3907159715891,0.0,features,14155800,/home/jzh/PINN/LBM/PINN_Poisson/data/multistep_closed_loop/h15_p50_step200_diagnostic/safe_closed_loop/pairs/pre_poisson/3D000000075.bin,/home/jzh/PINN/LBM/PINN_Poisson/data/multistep_closed_loop/h15_p50_step200_diagnostic/safe_closed_loop/pressure_init_wait/3D000000075.bin,0.09076920445533387,0.0033919736742973328,1,pressure_peak;false_accept
h15_p50_step200_diagnostic,76,77,1,,1,1,0,400,150,250,1,1,0,0,350,1050,2400,3050,350,0,0.00027053434493056594,0.07097053527832031,0.00023760953665266884,7.111579179763794e-05,,,,,,,,,,,,,,,,,,,2206.102277035825,552.2426040843129,1653.8349780021235,7.130557089112699,0.0,98.23706990573555,0.0,1548.4214370371774,0.0,features,14155800,/home/jzh/PINN/LBM/PINN_Poisson/data/multistep_closed_loop/h15_p50_step200_diagnostic/safe_closed_loop/pairs/pre_poisson/3D000000076.bin,/home/jzh/PINN/LBM/PINN_Poisson/data/multistep_closed_loop/h15_p50_step200_diagnostic/safe_closed_loop/pressure_init_wait/3D000000076.bin,0.0797981448755719,0.002732992172241211,1,pressure_peak;false_accept
h15_p50_step200_diagnostic,77,78,1,,1,1,0,500,150,350,1,1,0,0,150,850,2100,2700,-300,0,0.00027613493354881045,0.07297134399414062,0.00024350639870287345,7.319077849388123e-05,,,,,,,,,,,,,,,,,,,2327.9635179787874,1504.807971068658,823.1339460471645,5.338181043043733,0.0,101.3562009902671,0.0,716.3951660040766,0.0,features,14155800,/home/jzh/PINN/LBM/PINN_Poisson/data/multistep_closed_loop/h15_p50_step200_diagnostic/safe_closed_loop/pairs/pre_poisson/3D000000077.bin,/home/jzh/PINN/LBM/PINN_Poisson/data/multistep_closed_loop/h15_p50_step200_diagnostic/safe_closed_loop/pressure_init_wait/3D000000077.bin,0.07002773700883481,0.0032314322888851166,1,pressure_peak;false_accept
h15_p50_step200_diagnostic,78,79,1,,1,1,0,300,150,150,1,1,0,0,250,850,2000,2550,-550,0,0.00028163806840118285,0.07496833801269531,0.0002494651294102797,7.528439164161682e-05,,,,,,,,,,,,,,,,,,,1375.281373038888,551.9282730529085,823.3341249870136,8.546464028768241,0.0,102.87130495999008,0.0,711.8684600573033,0.0,features,14155800,/home/jzh/PINN/LBM/PINN_Poisson/data/multistep_closed_loop/h15_p50_step200_diagnostic/safe_closed_loop/pairs/pre_poisson/3D000000078.bin,/home/jzh/PINN/LBM/PINN_Poisson/data/multistep_closed_loop/h15_p50_step200_diagnostic/safe_closed_loop/pressure_init_wait/3D000000078.bin,0.05884160704169134,0.0026707686483860016,1,pressure_peak;false_accept
h15_p50_step200_diagnostic,79,80,1,,1,1,0,400,150,250,1,1,0,0,150,750,1800,2300,-900,0,0.0002868741798920337,0.07703208923339844,0.0002552898136670253,7.737800478935242e-05,,,,,,,,,,,,,,,,,,,1373.040757025592,551.6386129893363,821.3831869652495,5.68018201738596,0.0,100.95772705972195,0.0,714.7015039809048,0.0,features,14155800,/home/jzh/PINN/LBM/PINN_Poisson/data/multistep_closed_loop/h15_p50_step200_diagnostic/safe_closed_loop/pairs/pre_poisson/3D000000079.bin,/home/jzh/PINN/LBM/PINN_Poisson/data/multistep_closed_loop/h15_p50_step200_diagnostic/safe_closed_loop/pressure_init_wait/3D000000079.bin,0.049319086567668674,0.0030555985867977142,1,pressure_peak;false_accept
h15_p50_step200_diagnostic,80,81,1,,1,1,0,300,150,150,1,1,0,0,150,650,1850,1750,-1150,0,0.0002920078260592338,0.07933235168457031,0.0002610279431389675,7.946789264678955e-05,,,,,,,,,,,,,,,,,,,1380.6531020672992,551.9764400087297,828.6591189680621,6.804434000514448,0.0,100.50876496825367,0.0,721.3061909424141,0.0,features,14155800,/home/jzh/PINN/LBM/PINN_Poisson/data/multistep_closed_loop/h15_p50_step200_diagnostic/safe_closed_loop/pairs/pre_poisson/3D000000080.bin,/home/jzh/PINN/LBM/PINN_Poisson/data/multistep_closed_loop/h15_p50_step200_diagnostic/safe_closed_loop/pressure_init_wait/3D000000080.bin,0.03971980879778831,0.0024254247546195984,1,pressure_peak;false_accept
h15_p50_step200_diagnostic,81,82,1,,1,1,0,300,150,150,1,1,0,0,150,700,1750,1500,-1400,0,0.00029685738736954484,0.08156394958496094,0.00026653044370568744,8.160248398780823e-05,,,,,,,,,,,,,,,,,,,1466.4216090459377,552.2865200182423,914.1160550061613,5.178055027499795,0.0,118.05443104822189,0.0,790.8301530405879,0.0,features,14155800,/home/jzh/PINN/LBM/PINN_Poisson/data/multistep_closed_loop/h15_p50_step200_diagnostic/safe_closed_loop/pairs/pre_poisson/3D000000081.bin,/home/jzh/PINN/LBM/PINN_Poisson/data/multistep_closed_loop/h15_p50_step200_diagnostic/safe_closed_loop/pressure_init_wait/3D000000081.bin,0.03146167781575432,0.002776727080345154,1,pressure_peak;false_accept
h15_p50_step200_diagnostic,82,83,1,,1,1,0,300,150,150,1,1,0,0,150,600,1650,1250,-1550,0,0.00030144382673507426,0.08374404907226562,0.00027180012059691136,8.383393287658691e-05,,,,,,,,,,,,,,,,,,,1388.327460968867,551.8859059084207,836.4227960119024,6.754643050953746,0.0,111.3409900572151,0.0,718.2774849934503,0.0,features,14155800,/home/jzh/PINN/LBM/PINN_Poisson/data/multistep_closed_loop/h15_p50_step200_diagnostic/safe_closed_loop/pairs/pre_poisson/3D000000082.bin,/home/jzh/PINN/LBM/PINN_Poisson/data/multistep_closed_loop/h15_p50_step200_diagnostic/safe_closed_loop/pressure_init_wait/3D000000082.bin,0.02416499315748232,0.002210024744272232,1,pressure_peak;false_accept
h15_p50_step200_diagnostic,83,84,1,,1,1,0,300,150,150,1,1,0,0,150,500,1550,1000,-1700,0,0.000305772704706971,0.08582305908203125,0.000276827744855901,8.644908666610718e-05,,,,,,,,,,,,,,,,,,,1581.824710010551,551.8412529490888,1029.957984923385,5.891846958547831,0.0,138.05250299628824,0.0,885.9375789761543,0.0,features,14155800,/home/jzh/PINN/LBM/PINN_Poisson/data/multistep_closed_loop/h15_p50_step200_diagnostic/safe_closed_loop/pairs/pre_poisson/3D000000083.bin,/home/jzh/PINN/LBM/PINN_Poisson/data/multistep_closed_loop/h15_p50_step200_diagnostic/safe_closed_loop/pressure_init_wait/3D000000083.bin,0.018430241344246073,0.0025301240384578705,0,
h15_p50_step200_diagnostic,84,85,1,,1,1,0,300,150,150,1,1,0,0,50,450,1600,750,-1850,0,0.0003098950987851711,0.08782386779785156,0.00028164117289268195,8.873641490936279e-05,,,,,,,,,,,,,,,,,,,1310.0272049196064,551.0691090021282,758.9356229873374,3.5424790112301707,0.0,41.912422981113195,0.0,713.4519160026684,0.0,features,14155800,/home/jzh/PINN/LBM/PINN_Poisson/data/multistep_closed_loop/h15_p50_step200_diagnostic/safe_closed_loop/pairs/pre_poisson/3D000000084.bin,/home/jzh/PINN/LBM/PINN_Poisson/data/multistep_closed_loop/h15_p50_step200_diagnostic/safe_closed_loop/pressure_init_wait/3D000000084.bin,0.01358933675417535,0.0019303597509860992,0,
h15_p50_step200_diagnostic,85,86,1,,1,1,0,200,150,50,1,1,0,0,200,450,1600,600,-1900,0,0.00031380476535820454,0.09032058715820312,0.0002862423715706378,9.081512689590454e-05,,,,,,,,,,,,,,,,,,,1306.651460006833,551.1623790953308,755.468997056596,2.3948600282892585,0.0,42.364705936051905,0.0,710.6818920001388,0.0,features,14155800,/home/jzh/PINN/LBM/PINN_Poisson/data/multistep_closed_loop/h15_p50_step200_diagnostic/safe_closed_loop/pairs/pre_poisson/3D000000085.bin,/home/jzh/PINN/LBM/PINN_Poisson/data/multistep_closed_loop/h15_p50_step200_diagnostic/safe_closed_loop/pressure_init_wait/3D000000085.bin,0.009658508412683378,0.0018833838403224945,0,
h15_p50_step200_diagnostic,86,87,1,,1,1,0,300,100,200,1,1,0,0,50,300,1450,300,-2100,0,0.0003172576451981972,0.09261131286621094,0.000290524408638469,9.285658597946167e-05,,,,,,,,,,,,,,,,,,,1320.823748013936,551.2099039042369,769.592666067183,3.8007100811228156,0.0,42.6379619166255,0.0,723.1202470138669,0.0,features,14155800,/home/jzh/PINN/LBM/PINN_Poisson/data/multistep_closed_loop/h15_p50_step200_diagnostic/safe_closed_loop/pairs/pre_poisson/3D000000086.bin,/home/jzh/PINN/LBM/PINN_Poisson/data/multistep_closed_loop/h15_p50_step200_diagnostic/safe_closed_loop/pressure_init_wait/3D000000086.bin,0.0075787560918962405,0.0016465112566947937,0,
h15_p50_step200_diagnostic,87,88,1,,1,1,0,200,150,50,1,1,0,0,50,350,1450,150,-2150,0,0.0003213224448034546,0.09456253051757812,0.00029524799356958246,9.52593982219696e-05,,,,,,,,,,,,,,,,,,,1207.2352459654212,451.2788710417226,755.9363129548728,2.565643982961774,0.0,43.070579995401204,0.0,710.2691410109401,0.0,features,14155800,/home/jzh/PINN/LBM/PINN_Poisson/data/multistep_closed_loop/h15_p50_step200_diagnostic/safe_closed_loop/pairs/pre_poisson/3D000000087.bin,/home/jzh/PINN/LBM/PINN_Poisson/data/multistep_closed_loop/h15_p50_step200_diagnostic/safe_closed_loop/pressure_init_wait/3D000000087.bin,0.005222399675235669,0.001443859189748764,0,
h15_p50_step200_diagnostic,88,89,1,,1,1,0,200,150,50,1,1,0,0,100,350,1500,0,-2200,0,0.00032493067501059177,0.09583854675292969,0.0002997749803042158,9.728223085403442e-05,,,,,,,,,,,,,,,,,,,1385.1624389644712,551.5172450104728,833.6204839870334,2.923198975622654,0.0,42.696943040937185,0.0,787.9723210353404,0.0,features,14155800,/home/jzh/PINN/LBM/PINN_Poisson/data/multistep_closed_loop/h15_p50_step200_diagnostic/safe_closed_loop/pairs/pre_poisson/3D000000088.bin,/home/jzh/PINN/LBM/PINN_Poisson/data/multistep_closed_loop/h15_p50_step200_diagnostic/safe_closed_loop/pressure_init_wait/3D000000088.bin,0.0037583460315755903,0.0010354667901992798,0,
h15_p50_step200_diagnostic,89,90,1,,1,1,0,200,100,100,1,1,0,0,50,300,1450,-200,-2300,0,0.0003281337954801684,0.0966033935546875,0.0003041083564942404,9.904801845550537e-05,,,,,,,,,,,,,,,,,,,1292.8117400733754,551.533933961764,741.2577850045636,2.487591002136469,0.0,42.67077299300581,0.0,696.0728279082105,0.0,features,14155800,/home/jzh/PINN/LBM/PINN_Poisson/data/multistep_closed_loop/h15_p50_step200_diagnostic/safe_closed_loop/pairs/pre_poisson/3D000000089.bin,/home/jzh/PINN/LBM/PINN_Poisson/data/multistep_closed_loop/h15_p50_step200_diagnostic/safe_closed_loop/pressure_init_wait/3D000000089.bin,0.00386465801842036,0.0013690292835235596,0,
h15_p50_step200_diagnostic,90,91,1,,1,1,0,200,150,50,1,1,0,0,50,300,1450,-350,-2350,0,0.0003320254130320705,0.09750556945800781,0.00030886797159312913,0.000100698322057724,,,,,,,,,,,,,,,,,,,1211.6471038898453,451.4310919912532,760.1949579548091,2.8269890462979674,0.0,43.2022629538551,0.0,714.1400169348344,0.0,features,14155800,/home/jzh/PINN/LBM/PINN_Poisson/data/multistep_closed_loop/h15_p50_step200_diagnostic/safe_closed_loop/pairs/pre_poisson/3D000000090.bin,/home/jzh/PINN/LBM/PINN_Poisson/data/multistep_closed_loop/h15_p50_step200_diagnostic/safe_closed_loop/pressure_init_wait/3D000000090.bin,0.002593771435689621,0.0008223466575145721,0,
h15_p50_step200_diagnostic,91,92,1,,1,1,0,200,150,50,1,1,0,0,100,350,1450,-500,-3100,0,0.00033580076202568396,0.09872817993164062,0.00031359145683378396,0.00010194629430770874,,,,,,,,,,,,,,,,,,,1292.8163580363616,551.5551450662315,741.2410080432892,2.5652829790487885,0.0,42.69606003072113,0.0,695.9501500241458,0.0,features,14155800,/home/jzh/PINN/LBM/PINN_Poisson/data/multistep_closed_loop/h15_p50_step200_diagnostic/safe_closed_loop/pairs/pre_poisson/3D000000091.bin,/home/jzh/PINN/LBM/PINN_Poisson/data/multistep_closed_loop/h15_p50_step200_diagnostic/safe_closed_loop/pressure_init_wait/3D000000091.bin,0.0021580952343460873,0.0007191821932792664,0,
h15_p50_step200_diagnostic,92,93,1,,1,1,0,200,100,100,1,1,0,0,50,300,1400,-700,-3300,0,0.0003395524782342034,0.09982109069824219,0.00031822137465508516,0.00010300055146217346,,,,,,,,,,,,,,,,,,,1306.9402609253302,551.4814920024946,755.4363029776141,3.110832069069147,0.0,42.80550894327462,0.0,709.4888610299677,0.0,features,14155800,/home/jzh/PINN/LBM/PINN_Poisson/data/multistep_closed_loop/h15_p50_step200_diagnostic/safe_closed_loop/pairs/pre_poisson/3D000000092.bin,/home/jzh/PINN/LBM/PINN_Poisson/data/multistep_closed_loop/h15_p50_step200_diagnostic/safe_closed_loop/pressure_init_wait/3D000000092.bin,0.0024077799433344094,0.0009990041144192219,0,
h15_p50_step200_diagnostic,93,94,1,,1,1,0,200,150,50,1,1,0,0,50,300,1400,-850,-3450,0,0.00034400925672835135,0.10157585144042969,0.0003232763097424999,0.0001038089394569397,,,,,,,,,,,,,,,,,,,1148.5242740018293,400.76389792375267,747.7402400691062,2.704146900214255,0.0,42.772831046022475,0.0,702.2375259548426,0.0,features,14155800,/home/jzh/PINN/LBM/PINN_Poisson/data/multistep_closed_loop/h15_p50_step200_diagnostic/safe_closed_loop/pairs/pre_poisson/3D000000093.bin,/home/jzh/PINN/LBM/PINN_Poisson/data/multistep_closed_loop/h15_p50_step200_diagnostic/safe_closed_loop/pressure_init_wait/3D000000093.bin,0.0015552645215233763,0.0006225816905498505,0,
h15_p50_step200_diagnostic,94,95,1,,1,1,0,200,150,50,1,1,0,0,50,300,1400,-900,-3600,0,0.0003484951521420472,0.10354042053222656,0.00032830687557001617,0.00010427460074424744,,,,,,,,,,,,,,,,,,,1312.41365801543,551.1425290023908,761.248919996433,3.8766689831390977,0.0,42.579467059113085,0.0,714.7644360084087,0.0,features,14155800,/home/jzh/PINN/LBM/PINN_Poisson/data/multistep_closed_loop/h15_p50_step200_diagnostic/safe_closed_loop/pairs/pre_poisson/3D000000094.bin,/home/jzh/PINN/LBM/PINN_Poisson/data/multistep_closed_loop/h15_p50_step200_diagnostic/safe_closed_loop/pressure_init_wait/3D000000094.bin,0.0014830575889954747,0.000592157244682312,0,
h15_p50_step200_diagnostic,95,96,1,,1,1,0,200,150,50,1,1,0,0,100,450,1400,-950,-3750,0,0.000352989658899084,0.10485649108886719,0.0003332327955015882,0.00010609999299049377,,,,,,,,,,,,,,,,,,,1340.07090004161,551.1848360765725,788.8618829892948,2.529210993088782,0.0,42.54676809068769,0.0,743.757741060108,0.0,features,14155800,/home/jzh/PINN/LBM/PINN_Poisson/data/multistep_closed_loop/h15_p50_step200_diagnostic/safe_closed_loop/pairs/pre_poisson/3D000000095.bin,/home/jzh/PINN/LBM/PINN_Poisson/data/multistep_closed_loop/h15_p50_step200_diagnostic/safe_closed_loop/pressure_init_wait/3D000000095.bin,0.001931990863313006,0.0007890462875366211,0,
h15_p50_step200_diagnostic,96,97,1,,1,1,0,200,100,100,1,1,0,0,50,400,1350,-1050,-3850,0,0.0003577110974614945,0.10555267333984375,0.0003380830452332057,0.0001077502965927124,,,,,,,,,,,,,,,,,,,1345.4072950407863,551.3629720080644,794.0234059933573,3.978789900429547,0.0,43.86313492432237,0.0,746.1539600044489,0.0,features,14155800,/home/jzh/PINN/LBM/PINN_Poisson/data/multistep_closed_loop/h15_p50_step200_diagnostic/safe_closed_loop/pairs/pre_poisson/3D000000096.bin,/home/jzh/PINN/LBM/PINN_Poisson/data/multistep_closed_loop/h15_p50_step200_diagnostic/safe_closed_loop/pressure_init_wait/3D000000096.bin,0.0028842129803426653,0.0012334315106272697,0,
h15_p50_step200_diagnostic,97,98,1,,1,1,0,200,150,50,1,1,0,0,50,400,1350,-1100,-3900,0,0.00036295336030858,0.10566902160644531,0.00034334401594012155,0.00010903552174568176,,,,,,,,,,,,,,,,,,,1170.5710050882772,400.84235498216003,769.7076390031725,2.530718920752406,0.0,43.05703996215016,0.0,724.0882460027933,0.0,features,14155800,/home/jzh/PINN/LBM/PINN_Poisson/data/multistep_closed_loop/h15_p50_step200_diagnostic/safe_closed_loop/pairs/pre_poisson/3D000000097.bin,/home/jzh/PINN/LBM/PINN_Poisson/data/multistep_closed_loop/h15_p50_step200_diagnostic/safe_closed_loop/pressure_init_wait/3D000000097.bin,0.0030089569081314096,0.00047385692596435547,0,
h15_p50_step200_diagnostic,98,99,1,,1,1,0,200,150,50,1,1,0,0,50,400,1250,-1150,-3950,0,0.00036811764875408816,0.10509872436523438,0.0003485812403362806,0.00010991469025611877,,,,,,,,,,,,,,,,,,,1340.6419549137354,551.3107610167935,789.309557992965,3.4477730514481664,0.0,42.562957969494164,0.0,743.2692509610206,0.0,features,14155800,/home/jzh/PINN/LBM/PINN_Poisson/data/multistep_closed_loop/h15_p50_step200_diagnostic/safe_closed_loop/pairs/pre_poisson/3D000000098.bin,/home/jzh/PINN/LBM/PINN_Poisson/data/multistep_closed_loop/h15_p50_step200_diagnostic/safe_closed_loop/pressure_init_wait/3D000000098.bin,0.0037203096730229154,0.0006006136536598206,0,
h15_p50_step200_diagnostic,99,100,1,,1,1,0,200,150,50,1,1,0,0,200,550,1150,-1200,-4000,0,0.0003731678708628531,0.10520553588867188,0.00035371066945446373,0.00011042505502700806,,,,,,,,,,,,,,,,,,,1336.188274086453,551.3453549938276,784.8216569982469,2.6846949476748705,0.0,42.83815203234553,0.0,739.2710919957608,0.0,features,14155800,/home/jzh/PINN/LBM/PINN_Poisson/data/multistep_closed_loop/h15_p50_step200_diagnostic/safe_closed_loop/pairs/pre_poisson/3D000000099.bin,/home/jzh/PINN/LBM/PINN_Poisson/data/multistep_closed_loop/h15_p50_step200_diagnostic/safe_closed_loop/pressure_init_wait/3D000000099.bin,0.004562964669022117,0.0008069798350334167,0,
h15_p50_step200_diagnostic,100,101,1,,1,1,0,300,100,200,1,1,0,0,50,400,900,-1400,-4600,1,0.0003783197329399209,0.10556602478027344,0.0003587522654983533,0.00011055916547775269,0.0030581694232236028,0.00039557740092277527,0.0028457271306574798,0.00039164721965789795,0.0019217485269721632,0.0004266202449798584,0.006603156148078759,0.0017597302794456482,1.5526854365511983e-06,1,,2,2,6.781684027776236e-06,1.695421006944059e-06,0.0,6.116157052018546e-08,7.135793659816814e-06,1339.9136599618942,551.3295499840751,788.5629719821736,3.9726230315864086,0.0,42.969189933501184,0.0,741.5925200330094,0.0,features,14155800,/home/jzh/PINN/LBM/PINN_Poisson/data/multistep_closed_loop/h15_p50_step200_diagnostic/safe_closed_loop/pairs/pre_poisson/3D000000100.bin,/home/jzh/PINN/LBM/PINN_Poisson/data/multistep_closed_loop/h15_p50_step200_diagnostic/safe_closed_loop/pressure_init_wait/3D000000100.bin,0.006603156148079841,0.0017597302794456482,0,
h15_p50_step200_diagnostic,101,102,1,,1,1,0,200,150,50,1,1,0,0,50,400,650,-1450,-4650,0,0.000384141161892062,0.107818603515625,0.0003642416061777496,0.00011098012328147888,,,,,,,,,,,,,,,,,,,1318.7701049027964,551.4724070671946,767.2757990658283,2.4305189726874232,0.0,43.023901991546154,0.0,721.7938560061157,0.0,features,14155800,/home/jzh/PINN/LBM/PINN_Poisson/data/multistep_closed_loop/h15_p50_step200_diagnostic/safe_closed_loop/pairs/pre_poisson/3D000000101.bin,/home/jzh/PINN/LBM/PINN_Poisson/data/multistep_closed_loop/h15_p50_step200_diagnostic/safe_closed_loop/pressure_init_wait/3D000000101.bin,0.006848292229040416,0.0005059391260147095,0,
h15_p50_step200_diagnostic,102,103,1,,1,1,0,200,150,50,1,1,0,0,50,400,500,-1500,-4700,0,0.00038966233122116365,0.10949134826660156,0.0003696493921239656,0.00011170655488967896,,,,,,,,,,,,,,,,,,,1336.1312750494108,551.1048049665987,785.0035279989243,2.933105919510126,0.0,42.571504949592054,0.0,739.4720970187336,0.0,features,14155800,/home/jzh/PINN/LBM/PINN_Poisson/data/multistep_closed_loop/h15_p50_step200_diagnostic/safe_closed_loop/pairs/pre_poisson/3D000000102.bin,/home/jzh/PINN/LBM/PINN_Poisson/data/multistep_closed_loop/h15_p50_step200_diagnostic/safe_closed_loop/pressure_init_wait/3D000000102.bin,0.0077261356532975865,0.0009713843464851379,0,
h15_p50_step200_diagnostic,103,104,1,,1,1,0,200,150,50,1,1,0,0,200,450,350,-1550,-4750,0,0.0003949376462461465,0.11062240600585938,0.000374927294068166,0.00011413544416427612,,,,,,,,,,,,,,,,,,,1333.718745969236,551.3000859646127,782.393234083429,2.449766034260392,0.0,42.87756502162665,0.0,737.0390420546755,0.0,features,14155800,/home/jzh/PINN/LBM/PINN_Poisson/data/multistep_closed_loop/h15_p50_step200_diagnostic/safe_closed_loop/pairs/pre_poisson/3D000000103.bin,/home/jzh/PINN/LBM/PINN_Poisson/data/multistep_closed_loop/h15_p50_step200_diagnostic/safe_closed_loop/pressure_init_wait/3D000000103.bin,0.008661824033973229,0.0011524185538291931,0,
h15_p50_step200_diagnostic,104,105,1,,1,1,0,300,100,200,1,1,0,0,50,300,50,-1750,-4950,0,0.0004003020114963791,0.11111259460449219,0.0003801251360294,0.00011613592505455017,,,,,,,,,,,,,,,,,,,1336.5283960010856,551.0975390207022,785.4079930111766,3.575199982151389,0.0,42.9410730721429,0.0,738.8620610581711,0.0,features,14155800,/home/jzh/PINN/LBM/PINN_Poisson/data/multistep_closed_loop/h15_p50_step200_diagnostic/safe_closed_loop/pairs/pre_poisson/3D000000104.bin,/home/jzh/PINN/LBM/PINN_Poisson/data/multistep_closed_loop/h15_p50_step200_diagnostic/safe_closed_loop/pressure_init_wait/3D000000104.bin,0.010563280729307194,0.0018814692739397287,0,
h15_p50_step200_diagnostic,105,106,1,,1,1,0,200,150,50,1,1,0,0,50,300,-100,-1800,-5000,0,0.00040628134850577023,0.112762451171875,0.0003857962618762968,0.00011796876788139343,,,,,,,,,,,,,,,,,,,1260.6276229489595,451.0655249468982,809.5415889983997,3.527957946062088,0.0,83.6068110074848,0.0,722.3761009518057,0.0,features,14155800,/home/jzh/PINN/LBM/PINN_Poisson/data/multistep_closed_loop/h15_p50_step200_diagnostic/safe_closed_loop/pairs/pre_poisson/3D000000105.bin,/home/jzh/PINN/LBM/PINN_Poisson/data/multistep_closed_loop/h15_p50_step200_diagnostic/safe_closed_loop/pressure_init_wait/3D000000105.bin,0.011135717216602592,0.000676475465297699,1,negative_future20
h15_p50_step200_diagnostic,106,107,1,,1,1,0,200,150,50,1,1,0,0,50,300,-150,-1850,-5050,0,0.00041190954670791615,0.11376571655273438,0.0003914047258632343,0.00011904165148735046,,,,,,,,,,,,,,,,,,,1345.812798012048,551.3488720171154,794.4421760039404,2.809940022416413,0.0,42.72407293319702,0.0,748.8833350362256,0.0,features,14155800,/home/jzh/PINN/LBM/PINN_Poisson/data/multistep_closed_loop/h15_p50_step200_diagnostic/safe_closed_loop/pairs/pre_poisson/3D000000106.bin,/home/jzh/PINN/LBM/PINN_Poisson/data/multistep_closed_loop/h15_p50_step200_diagnostic/safe_closed_loop/pressure_init_wait/3D000000106.bin,0.01207381918067834,0.0010762065649032593,1,negative_future20
h15_p50_step200_diagnostic,107,108,1,,1,1,0,200,150,50,1,1,0,0,100,300,-200,-1900,-5100,0,0.00041725762779055026,0.11693382263183594,0.0003968891729646058,0.00011981651186943054,,,,,,,,,,,,,,,,,,,1328.8031150586903,551.1665190570056,777.6159320492297,2.5214620400220156,0.0,43.04454196244478,0.0,732.0215640356764,0.0,features,14155800,/home/jzh/PINN/LBM/PINN_Poisson/data/multistep_closed_loop/h15_p50_step200_diagnostic/safe_closed_loop/pairs/pre_poisson/3D000000107.bin,/home/jzh/PINN/LBM/PINN_Poisson/data/multistep_closed_loop/h15_p50_step200_diagnostic/safe_closed_loop/pressure_init_wait/3D000000107.bin,0.013029208213955491,0.0013066530227661133,1,negative_future20
h15_p50_step200_diagnostic,108,109,1,,1,1,0,200,100,100,1,1,0,0,50,250,-300,-2000,-5200,0,0.0004226795278571516,0.11998939514160156,0.00040228779259655033,0.00012046843767166138,,,,,,,,,,,,,,,,,,,1338.9530980493873,551.3123449636623,787.6181630417705,3.582770936191082,0.0,42.534355889074504,0.0,741.4714669575915,0.0,features,14155800,/home/jzh/PINN/LBM/PINN_Poisson/data/multistep_closed_loop/h15_p50_step200_diagnostic/safe_closed_loop/pairs/pre_poisson/3D000000108.bin,/home/jzh/PINN/LBM/PINN_Poisson/data/multistep_closed_loop/h15_p50_step200_diagnostic/safe_closed_loop/pressure_init_wait/3D000000108.bin,0.014286290571775953,0.0018005655147135258,1,negative_future20
h15_p50_step200_diagnostic,109,110,1,,1,1,0,200,150,50,1,1,0,0,50,250,-350,-2050,-5250,0,0.00042850542031059875,0.12238883972167969,0.0004081149597409875,0.00012362748384475708,,,,,,,,,,,,,,,,,,,1185.449904995039,401.0199090698734,784.40397803206,2.6853689923882484,0.0,42.940782965160906,0.0,738.749505020678,0.0,features,14155800,/home/jzh/PINN/LBM/PINN_Poisson/data/multistep_closed_loop/h15_p50_step200_diagnostic/safe_closed_loop/pairs/pre_poisson/3D000000109.bin,/home/jzh/PINN/LBM/PINN_Poisson/data/multistep_closed_loop/h15_p50_step200_diagnostic/safe_closed_loop/pressure_init_wait/3D000000109.bin,0.015044346304213712,0.0008486397564411163,1,negative_future20
h15_p50_step200_diagnostic,110,111,1,,1,1,0,200,150,50,1,1,0,0,50,250,-800,-2100,-5300,0,0.0004341161024837798,0.12406158447265625,0.000413909739781905,0.00012619048357009888,,,,,,,,,,,,,,,,,,,1326.1880960781127,551.3003480155021,774.866993073374,3.5883659729734063,0.0,42.88465005811304,0.0,728.3638840308413,0.0,features,14155800,/home/jzh/PINN/LBM/PINN_Poisson/data/multistep_closed_loop/h15_p50_step200_diagnostic/safe_closed_loop/pairs/pre_poisson/3D000000110.bin,/home/jzh/PINN/LBM/PINN_Poisson/data/multistep_closed_loop/h15_p50_step200_diagnostic/safe_closed_loop/pressure_init_wait/3D000000110.bin,0.015919078931628576,0.0009099394083023071,1,negative_future20
h15_p50_step200_diagnostic,111,112,1,,1,1,0,200,150,50,1,1,0,0,50,250,-950,-2150,-5350,0,0.00043955995692958067,0.12500572204589844,0.0004195756886673931,0.00012847408652305603,,,,,,,,,,,,,,,,,,,1580.483080004342,601.1862510349602,979.2776330141351,2.9591000638902187,0.0,90.60034493450075,0.0,885.6612970121205,0.0,features,14155800,/home/jzh/PINN/LBM/PINN_Poisson/data/multistep_closed_loop/h15_p50_step200_diagnostic/safe_closed_loop/pairs/pre_poisson/3D000000111.bin,/home/jzh/PINN/LBM/PINN_Poisson/data/multistep_closed_loop/h15_p50_step200_diagnostic/safe_closed_loop/pressure_init_wait/3D000000111.bin,0.016829690924871004,0.0010930448770523071,1,negative_future20
h15_p50_step200_diagnostic,112,113,1,,1,1,0,200,150,50,1,1,0,0,50,250,-1100,-2200,-5400,0,0.00044504731884821667,0.12518882751464844,0.00042511123603448394,0.00013041868805885315,,,,,,,,,,,,,,,,,,,1502.2198009537533,551.3427749974653,950.8532389299944,3.8289990043267608,0.0,51.119216019287705,0.0,895.8709860453382,0.0,features,14155800,/home/jzh/PINN/LBM/PINN_Poisson/data/multistep_closed_loop/h15_p50_step200_diagnostic/safe_closed_loop/pairs/pre_poisson/3D000000112.bin,/home/jzh/PINN/LBM/PINN_Poisson/data/multistep_closed_loop/h15_p50_step200_diagnostic/safe_closed_loop/pressure_init_wait/3D000000112.bin,0.017690875636821764,0.00103701651096344,1,negative_future20
h15_p50_step200_diagnostic,113,114,1,,1,1,0,200,150,50,1,1,0,0,50,150,-1250,-2250,-5450,0,0.000450504778528546,0.12457275390625,0.00043051369376558935,0.0001318119466304779,,,,,,,,,,,,,,,,,,,1645.807001972571,551.4250780688599,1094.357602065429,2.888832939788699,0.0,62.08515493199229,0.0,1029.340189998038,0.0,features,14155800,/home/jzh/PINN/LBM/PINN_Poisson/data/multistep_closed_loop/h15_p50_step200_diagnostic/safe_closed_loop/pairs/pre_poisson/3D000000113.bin,/home/jzh/PINN/LBM/PINN_Poisson/data/multistep_closed_loop/h15_p50_step200_diagnostic/safe_closed_loop/pressure_init_wait/3D000000113.bin,0.018587636069060724,0.001219138503074646,1,negative_future20
h15_p50_step200_diagnostic,114,115,1,,1,1,0,200,150,50,1,1,0,0,50,50,-1400,-2300,-5500,0,0.00045588863832716884,0.1258831024169922,0.000435802563070068,0.00013269111514091492,,,,,,,,,,,,,,,,,,,1519.2477570381016,551.1933119269088,968.0292200064287,3.805947955697775,0.0,51.498933928087354,0.0,912.6899240072817,0.0,features,14155800,/home/jzh/PINN/LBM/PINN_Poisson/data/multistep_closed_loop/h15_p50_step200_diagnostic/safe_closed_loop/pairs/pre_poisson/3D000000114.bin,/home/jzh/PINN/LBM/PINN_Poisson/data/multistep_closed_loop/h15_p50_step200_diagnostic/safe_closed_loop/pressure_init_wait/3D000000114.bin,0.019424904134010976,0.0012476630508899689,1,negative_future20
h15_p50_step200_diagnostic,115,116,1,,1,1,0,200,150,50,1,1,0,0,50,-50,-1550,-2350,-5550,0,0.00046120942772780843,0.1272869110107422,0.00044098764559165283,0.000134199857711792,,,,,,,,,,,,,,,,,,,1500.416295020841,551.3054740149528,949.0827550180256,2.7260479982942343,0.0,53.36414300836623,0.0,892.9586869198829,0.0,features,14155800,/home/jzh/PINN/LBM/PINN_Poisson/data/multistep_closed_loop/h15_p50_step200_diagnostic/safe_closed_loop/pairs/pre_poisson/3D000000115.bin,/home/jzh/PINN/LBM/PINN_Poisson/data/multistep_closed_loop/h15_p50_step200_diagnostic/safe_closed_loop/pressure_init_wait/3D000000115.bin,0.020288187898171217,0.0014831013977527618,1,negative_future20
h15_p50_step200_diagnostic,116,117,1,,1,1,0,200,150,50,1,1,0,0,50,-300,-1700,-2400,-5600,0,0.0004664371109340835,0.12789344787597656,0.0004460893583978795,0.0001360960304737091,,,,,,,,,,,,,,,,,,,1514.532212051563,551.4684289228171,963.039287016727,3.9029979379847646,0.0,52.760030957870185,0.0,906.3409940572456,0.0,features,14155800,/home/jzh/PINN/LBM/PINN_Poisson/data/multistep_closed_loop/h15_p50_step200_diagnostic/safe_closed_loop/pairs/pre_poisson/3D000000116.bin,/home/jzh/PINN/LBM/PINN_Poisson/data/multistep_closed_loop/h15_p50_step200_diagnostic/safe_closed_loop/pressure_init_wait/3D000000116.bin,0.021079656934345794,0.0015326030552387238,1,pressure_peak;false_accept;negative_future20
h15_p50_step200_diagnostic,117,118,1,,1,1,0,200,150,50,1,1,0,0,-50,-450,-1850,-2450,-5650,0,0.0004716211375660313,0.1276378631591797,0.00045111485635514106,0.00013735145330429077,,,,,,,,,,,,,,,,,,,1516.750706010498,551.5229429583997,965.2041309745982,2.8768819756805897,0.0,52.569607039913535,0.0,909.7213179338723,0.0,features,14155800,/home/jzh/PINN/LBM/PINN_Poisson/data/multistep_closed_loop/h15_p50_step200_diagnostic/safe_closed_loop/pairs/pre_poisson/3D000000117.bin,/home/jzh/PINN/LBM/PINN_Poisson/data/multistep_closed_loop/h15_p50_step200_diagnostic/safe_closed_loop/pressure_init_wait/3D000000117.bin,0.02188848359197148,0.0016999393701553345,1,pressure_peak;false_accept;negative_future20
h15_p50_step200_diagnostic,118,119,1,,1,1,0,100,150,-50,1,1,0,0,-50,-500,-1900,-2400,-5600,0,0.00047673795516470127,0.12665557861328125,0.00045607938915490624,0.00013798102736473083,,,,,,,,,,,,,,,,,,,1513.9115980127826,551.5423798933625,962.3458959395066,3.5593629581853747,0.0,51.946335937827826,0.0,906.8064269376919,0.0,features,14155800,/home/jzh/PINN/LBM/PINN_Poisson/data/multistep_closed_loop/h15_p50_step200_diagnostic/safe_closed_loop/pairs/pre_poisson/3D000000118.bin,/home/jzh/PINN/LBM/PINN_Poisson/data/multistep_closed_loop/h15_p50_step200_diagnostic/safe_closed_loop/pressure_init_wait/3D000000118.bin,0.022437451278943997,0.0026030316948890686,1,pressure_peak;false_accept;negative_direct;negative_future20
h15_p50_step200_diagnostic,119,120,1,,1,1,0,100,150,-50,1,1,0,0,-50,-550,-1950,-3050,-5550,0,0.0004814046939319089,0.12503814697265625,0.0004609465735111916,0.0001377314329147339,,,,,,,,,,,,,,,,,,,1607.943668961525,551.6499759396538,1056.268238928169,2.9829159611836076,0.0,52.359402063302696,0.0,1000.8949030889198,0.0,features,14155800,/home/jzh/PINN/LBM/PINN_Poisson/data/multistep_closed_loop/h15_p50_step200_diagnostic/safe_closed_loop/pairs/pre_poisson/3D000000119.bin,/home/jzh/PINN/LBM/PINN_Poisson/data/multistep_closed_loop/h15_p50_step200_diagnostic/safe_closed_loop/pressure_init_wait/3D000000119.bin,0.022855722640169752,0.0030634328722953796,1,pressure_peak;false_accept;negative_direct;negative_future20
h15_p50_step200_diagnostic,120,,1,,1,1,0,100,150,-50,1,1,80,-5500,-200,-600,-2000,-3100,-5500,1,0.00048588083611984773,0.12464714050292969,0.000465856012047247,0.00013696402311325073,0.0032726387414893365,0.00046907737851142883,0.0030505804455090535,0.00039935484528541565,0.0018360873373946764,0.00038989633321762085,0.02321025652876988,0.00304374098777771,2.4200133559286653e-06,1,,2,2,3.390842013888812e-05,1.3563368055555074e-05,6.781684027776236e-06,1.2556288311003916e-07,8.675735568078324e-06,3099.4349729735404,552.1796829998493,2547.231963952072,3.40964097995311,0.0,50.578063004650176,0.0,2493.214779999107,0.0,features,14155800,/home/jzh/PINN/LBM/PINN_Poisson/data/multistep_closed_loop/h15_p50_step200_diagnostic/safe_closed_loop/pairs/pre_poisson/3D000000120.bin,/home/jzh/PINN/LBM/PINN_Poisson/data/multistep_closed_loop/h15_p50_step200_diagnostic/safe_closed_loop/pressure_init_wait/3D000000120.bin,0.023210256528855257,0.00304374098777771,1,pressure_peak;false_accept;negative_direct;negative_future20
