step,split,input_snapshot,post_snapshot,target_state,lx,ly,lz,state_p_sum_max_abs,state_p_sum_rel_l2,post_pressure_max_abs,post_pressure_rel_l2,finite,gate_pass
1,train,/home/jzh/PINN/LBM/PINN_Poisson/data/h_exact_base_v2_120/pairs/pre_poisson/3D000000001.bin,/home/jzh/PINN/LBM/PINN_Poisson/data/h_exact_base_v2_120/pairs/post_poisson/3D000000001.bin,/home/jzh/PINN/LBM/PINN_Poisson/data/h_exact_base_v2_120/states/post_poisson/3D000000001.bin,48,96,128,1.6653345369377348e-16,1.1063120884110879e-16,1.4877167553439818e-08,2.5123466847733413e-08,1,1
2,train,/home/jzh/PINN/LBM/PINN_Poisson/data/h_exact_base_v2_120/pairs/pre_poisson/3D000000002.bin,/home/jzh/PINN/LBM/PINN_Poisson/data/h_exact_base_v2_120/pairs/post_poisson/3D000000002.bin,/home/jzh/PINN/LBM/PINN_Poisson/data/h_exact_base_v2_120/states/post_poisson/3D000000002.bin,48,96,128,1.1102230246251565e-16,1.1043019686754987e-16,1.4351961563630056e-08,2.5264498012043416e-08,1,1
3,train,/home/jzh/PINN/LBM/PINN_Poisson/data/h_exact_base_v2_120/pairs/pre_poisson/3D000000003.bin,/home/jzh/PINN/LBM/PINN_Poisson/data/h_exact_base_v2_120/pairs/post_poisson/3D000000003.bin,/home/jzh/PINN/LBM/PINN_Poisson/data/h_exact_base_v2_120/states/post_poisson/3D000000003.bin,48,96,128,1.1102230246251565e-16,1.111296522459999e-16,2.8028507070843034e-08,2.6457682669491383e-08,1,1
4,train,/home/jzh/PINN/LBM/PINN_Poisson/data/h_exact_base_v2_120/pairs/pre_poisson/3D000000004.bin,/home/jzh/PINN/LBM/PINN_Poisson/data/h_exact_base_v2_120/pairs/post_poisson/3D000000004.bin,/home/jzh/PINN/LBM/PINN_Poisson/data/h_exact_base_v2_120/states/post_poisson/3D000000004.bin,48,96,128,2.220446049250313e-16,1.128340561344254e-16,2.7381319434027773e-08,2.5256332687004407e-08,1,1
5,train,/home/jzh/PINN/LBM/PINN_Poisson/data/h_exact_base_v2_120/pairs/pre_poisson/3D000000005.bin,/home/jzh/PINN/LBM/PINN_Poisson/data/h_exact_base_v2_120/pairs/post_poisson/3D000000005.bin,/home/jzh/PINN/LBM/PINN_Poisson/data/h_exact_base_v2_120/states/post_poisson/3D000000005.bin,48,96,128,1.1102230246251565e-16,1.0743238881315375e-16,1.4896389177732061e-08,2.4818726171623967e-08,1,1
6,train,/home/jzh/PINN/LBM/PINN_Poisson/data/h_exact_base_v2_120/pairs/pre_poisson/3D000000006.bin,/home/jzh/PINN/LBM/PINN_Poisson/data/h_exact_base_v2_120/pairs/post_poisson/3D000000006.bin,/home/jzh/PINN/LBM/PINN_Poisson/data/h_exact_base_v2_120/states/post_poisson/3D000000006.bin,48,96,128,2.220446049250313e-16,1.1135930008144373e-16,2.834707824028726e-08,2.5994244981696577e-08,1,1
7,train,/home/jzh/PINN/LBM/PINN_Poisson/data/h_exact_base_v2_120/pairs/pre_poisson/3D000000007.bin,/home/jzh/PINN/LBM/PINN_Poisson/data/h_exact_base_v2_120/pairs/post_poisson/3D000000007.bin,/home/jzh/PINN/LBM/PINN_Poisson/data/h_exact_base_v2_120/states/post_poisson/3D000000007.bin,48,96,128,1.1102230246251565e-16,1.0957026440943335e-16,1.4898798805784708e-08,2.527227099782623e-08,1,1
8,train,/home/jzh/PINN/LBM/PINN_Poisson/data/h_exact_base_v2_120/pairs/pre_poisson/3D000000008.bin,/home/jzh/PINN/LBM/PINN_Poisson/data/h_exact_base_v2_120/pairs/post_poisson/3D000000008.bin,/home/jzh/PINN/LBM/PINN_Poisson/data/h_exact_base_v2_120/states/post_poisson/3D000000008.bin,48,96,128,2.220446049250313e-16,1.0915010725619432e-16,2.932486486972863e-08,2.4980071161236214e-08,1,1
9,train,/home/jzh/PINN/LBM/PINN_Poisson/data/h_exact_base_v2_120/pairs/pre_poisson/3D000000009.bin,/home/jzh/PINN/LBM/PINN_Poisson/data/h_exact_base_v2_120/pairs/post_poisson/3D000000009.bin,/home/jzh/PINN/LBM/PINN_Poisson/data/h_exact_base_v2_120/states/post_poisson/3D000000009.bin,48,96,128,1.1102230246251565e-16,1.101708799956496e-16,2.96639066643678e-08,2.442724767159049e-08,1,1
10,train,/home/jzh/PINN/LBM/PINN_Poisson/data/h_exact_base_v2_120/pairs/pre_poisson/3D000000010.bin,/home/jzh/PINN/LBM/PINN_Poisson/data/h_exact_base_v2_120/pairs/post_poisson/3D000000010.bin,/home/jzh/PINN/LBM/PINN_Poisson/data/h_exact_base_v2_120/states/post_poisson/3D000000010.bin,48,96,128,2.220446049250313e-16,1.1430066547487315e-16,2.6185972945569347e-08,2.6506225124521746e-08,1,1
11,train,/home/jzh/PINN/LBM/PINN_Poisson/data/h_exact_base_v2_120/pairs/pre_poisson/3D000000011.bin,/home/jzh/PINN/LBM/PINN_Poisson/data/h_exact_base_v2_120/pairs/post_poisson/3D000000011.bin,/home/jzh/PINN/LBM/PINN_Poisson/data/h_exact_base_v2_120/states/post_poisson/3D000000011.bin,48,96,128,2.220446049250313e-16,1.0958750173227813e-16,2.4421620836712066e-08,2.4403886387719364e-08,1,1
12,train,/home/jzh/PINN/LBM/PINN_Poisson/data/h_exact_base_v2_120/pairs/pre_poisson/3D000000012.bin,/home/jzh/PINN/LBM/PINN_Poisson/data/h_exact_base_v2_120/pairs/post_poisson/3D000000012.bin,/home/jzh/PINN/LBM/PINN_Poisson/data/h_exact_base_v2_120/states/post_poisson/3D000000012.bin,48,96,128,1.1102230246251565e-16,1.1291638432337446e-16,2.797413500843504e-08,2.591686908080617e-08,1,1
13,train,/home/jzh/PINN/LBM/PINN_Poisson/data/h_exact_base_v2_120/pairs/pre_poisson/3D000000013.bin,/home/jzh/PINN/LBM/PINN_Poisson/data/h_exact_base_v2_120/pairs/post_poisson/3D000000013.bin,/home/jzh/PINN/LBM/PINN_Poisson/data/h_exact_base_v2_120/states/post_poisson/3D000000013.bin,48,96,128,1.1102230246251565e-16,1.1296898206843385e-16,2.2043242897673565e-08,2.6794110009969012e-08,1,1
14,train,/home/jzh/PINN/LBM/PINN_Poisson/data/h_exact_base_v2_120/pairs/pre_poisson/3D000000014.bin,/home/jzh/PINN/LBM/PINN_Poisson/data/h_exact_base_v2_120/pairs/post_poisson/3D000000014.bin,/home/jzh/PINN/LBM/PINN_Poisson/data/h_exact_base_v2_120/states/post_poisson/3D000000014.bin,48,96,128,1.1102230246251565e-16,1.1350805828717967e-16,2.8739638557873093e-08,2.6763734013126524e-08,1,1
15,train,/home/jzh/PINN/LBM/PINN_Poisson/data/h_exact_base_v2_120/pairs/pre_poisson/3D000000015.bin,/home/jzh/PINN/LBM/PINN_Poisson/data/h_exact_base_v2_120/pairs/post_poisson/3D000000015.bin,/home/jzh/PINN/LBM/PINN_Poisson/data/h_exact_base_v2_120/states/post_poisson/3D000000015.bin,48,96,128,1.1102230246251565e-16,1.1162307356404004e-16,2.3530398518545326e-08,2.6726490934066858e-08,1,1
16,train,/home/jzh/PINN/LBM/PINN_Poisson/data/h_exact_base_v2_120/pairs/pre_poisson/3D000000016.bin,/home/jzh/PINN/LBM/PINN_Poisson/data/h_exact_base_v2_120/pairs/post_poisson/3D000000016.bin,/home/jzh/PINN/LBM/PINN_Poisson/data/h_exact_base_v2_120/states/post_poisson/3D000000016.bin,48,96,128,1.1102230246251565e-16,1.1166687122316948e-16,2.9565715986556995e-08,2.7638831031637997e-08,1,1
17,train,/home/jzh/PINN/LBM/PINN_Poisson/data/h_exact_base_v2_120/pairs/pre_poisson/3D000000017.bin,/home/jzh/PINN/LBM/PINN_Poisson/data/h_exact_base_v2_120/pairs/post_poisson/3D000000017.bin,/home/jzh/PINN/LBM/PINN_Poisson/data/h_exact_base_v2_120/states/post_poisson/3D000000017.bin,48,96,128,1.1102230246251565e-16,1.1296608217635853e-16,1.2999877341268729e-08,2.6374777717217913e-08,1,1
18,train,/home/jzh/PINN/LBM/PINN_Poisson/data/h_exact_base_v2_120/pairs/pre_poisson/3D000000018.bin,/home/jzh/PINN/LBM/PINN_Poisson/data/h_exact_base_v2_120/pairs/post_poisson/3D000000018.bin,/home/jzh/PINN/LBM/PINN_Poisson/data/h_exact_base_v2_120/states/post_poisson/3D000000018.bin,48,96,128,5.551115123125783e-17,1.1262945831664275e-16,1.4778332724230125e-08,2.586312301153194e-08,1,1
19,train,/home/jzh/PINN/LBM/PINN_Poisson/data/h_exact_base_v2_120/pairs/pre_poisson/3D000000019.bin,/home/jzh/PINN/LBM/PINN_Poisson/data/h_exact_base_v2_120/pairs/post_poisson/3D000000019.bin,/home/jzh/PINN/LBM/PINN_Poisson/data/h_exact_base_v2_120/states/post_poisson/3D000000019.bin,48,96,128,5.551115123125783e-17,1.140930720709766e-16,1.2333584265000752e-08,2.5639720567586256e-08,1,1
20,train,/home/jzh/PINN/LBM/PINN_Poisson/data/h_exact_base_v2_120/pairs/pre_poisson/3D000000020.bin,/home/jzh/PINN/LBM/PINN_Poisson/data/h_exact_base_v2_120/pairs/post_poisson/3D000000020.bin,/home/jzh/PINN/LBM/PINN_Poisson/data/h_exact_base_v2_120/states/post_poisson/3D000000020.bin,48,96,128,1.1102230246251565e-16,1.1396209079046123e-16,1.3140977583869784e-08,2.5721186252672882e-08,1,1
21,train,/home/jzh/PINN/LBM/PINN_Poisson/data/h_exact_base_v2_120/pairs/pre_poisson/3D000000021.bin,/home/jzh/PINN/LBM/PINN_Poisson/data/h_exact_base_v2_120/pairs/post_poisson/3D000000021.bin,/home/jzh/PINN/LBM/PINN_Poisson/data/h_exact_base_v2_120/states/post_poisson/3D000000021.bin,48,96,128,5.551115123125783e-17,1.1352782601611935e-16,1.2262635296078628e-08,2.623251584211455e-08,1,1
22,train,/home/jzh/PINN/LBM/PINN_Poisson/data/h_exact_base_v2_120/pairs/pre_poisson/3D000000022.bin,/home/jzh/PINN/LBM/PINN_Poisson/data/h_exact_base_v2_120/pairs/post_poisson/3D000000022.bin,/home/jzh/PINN/LBM/PINN_Poisson/data/h_exact_base_v2_120/states/post_poisson/3D000000022.bin,48,96,128,5.551115123125783e-17,1.1079064201956403e-16,7.444589167349136e-09,2.6854147952700225e-08,1,1
23,train,/home/jzh/PINN/LBM/PINN_Poisson/data/h_exact_base_v2_120/pairs/pre_poisson/3D000000023.bin,/home/jzh/PINN/LBM/PINN_Poisson/data/h_exact_base_v2_120/pairs/post_poisson/3D000000023.bin,/home/jzh/PINN/LBM/PINN_Poisson/data/h_exact_base_v2_120/states/post_poisson/3D000000023.bin,48,96,128,5.551115123125783e-17,1.1215677274543176e-16,7.387831985061766e-09,2.7864796146528537e-08,1,1
24,train,/home/jzh/PINN/LBM/PINN_Poisson/data/h_exact_base_v2_120/pairs/pre_poisson/3D000000024.bin,/home/jzh/PINN/LBM/PINN_Poisson/data/h_exact_base_v2_120/pairs/post_poisson/3D000000024.bin,/home/jzh/PINN/LBM/PINN_Poisson/data/h_exact_base_v2_120/states/post_poisson/3D000000024.bin,48,96,128,5.551115123125783e-17,1.1175153981374292e-16,7.4039882003162916e-09,2.869702995443423e-08,1,1
25,train,/home/jzh/PINN/LBM/PINN_Poisson/data/h_exact_base_v2_120/pairs/pre_poisson/3D000000025.bin,/home/jzh/PINN/LBM/PINN_Poisson/data/h_exact_base_v2_120/pairs/post_poisson/3D000000025.bin,/home/jzh/PINN/LBM/PINN_Poisson/data/h_exact_base_v2_120/states/post_poisson/3D000000025.bin,48,96,128,5.551115123125783e-17,1.1095796085026046e-16,7.399194562607292e-09,2.9093497562642483e-08,1,1
26,train,/home/jzh/PINN/LBM/PINN_Poisson/data/h_exact_base_v2_120/pairs/pre_poisson/3D000000026.bin,/home/jzh/PINN/LBM/PINN_Poisson/data/h_exact_base_v2_120/pairs/post_poisson/3D000000026.bin,/home/jzh/PINN/LBM/PINN_Poisson/data/h_exact_base_v2_120/states/post_poisson/3D000000026.bin,48,96,128,5.551115123125783e-17,1.1057766457208645e-16,7.3737742301016596e-09,2.912609051920485e-08,1,1
27,train,/home/jzh/PINN/LBM/PINN_Poisson/data/h_exact_base_v2_120/pairs/pre_poisson/3D000000027.bin,/home/jzh/PINN/LBM/PINN_Poisson/data/h_exact_base_v2_120/pairs/post_poisson/3D000000027.bin,/home/jzh/PINN/LBM/PINN_Poisson/data/h_exact_base_v2_120/states/post_poisson/3D000000027.bin,48,96,128,5.551115123125783e-17,1.0860917974136117e-16,7.3056966864992745e-09,2.9307184202782257e-08,1,1
28,train,/home/jzh/PINN/LBM/PINN_Poisson/data/h_exact_base_v2_120/pairs/pre_poisson/3D000000028.bin,/home/jzh/PINN/LBM/PINN_Poisson/data/h_exact_base_v2_120/pairs/post_poisson/3D000000028.bin,/home/jzh/PINN/LBM/PINN_Poisson/data/h_exact_base_v2_120/states/post_poisson/3D000000028.bin,48,96,128,5.551115123125783e-17,1.0941620898950566e-16,7.049239247880479e-09,2.925829452630302e-08,1,1
29,train,/home/jzh/PINN/LBM/PINN_Poisson/data/h_exact_base_v2_120/pairs/pre_poisson/3D000000029.bin,/home/jzh/PINN/LBM/PINN_Poisson/data/h_exact_base_v2_120/pairs/post_poisson/3D000000029.bin,/home/jzh/PINN/LBM/PINN_Poisson/data/h_exact_base_v2_120/states/post_poisson/3D000000029.bin,48,96,128,5.551115123125783e-17,1.1212686568246382e-16,7.301821314253942e-09,2.907691540930659e-08,1,1
30,train,/home/jzh/PINN/LBM/PINN_Poisson/data/h_exact_base_v2_120/pairs/pre_poisson/3D000000030.bin,/home/jzh/PINN/LBM/PINN_Poisson/data/h_exact_base_v2_120/pairs/post_poisson/3D000000030.bin,/home/jzh/PINN/LBM/PINN_Poisson/data/h_exact_base_v2_120/states/post_poisson/3D000000030.bin,48,96,128,5.551115123125783e-17,1.184203516891856e-16,7.372755184142932e-09,2.8690609913440234e-08,1,1
31,train,/home/jzh/PINN/LBM/PINN_Poisson/data/h_exact_base_v2_120/pairs/pre_poisson/3D000000031.bin,/home/jzh/PINN/LBM/PINN_Poisson/data/h_exact_base_v2_120/pairs/post_poisson/3D000000031.bin,/home/jzh/PINN/LBM/PINN_Poisson/data/h_exact_base_v2_120/states/post_poisson/3D000000031.bin,48,96,128,5.551115123125783e-17,1.1806997324436685e-16,7.250775313494273e-09,2.8727940400161878e-08,1,1
32,train,/home/jzh/PINN/LBM/PINN_Poisson/data/h_exact_base_v2_120/pairs/pre_poisson/3D000000032.bin,/home/jzh/PINN/LBM/PINN_Poisson/data/h_exact_base_v2_120/pairs/post_poisson/3D000000032.bin,/home/jzh/PINN/LBM/PINN_Poisson/data/h_exact_base_v2_120/states/post_poisson/3D000000032.bin,48,96,128,5.551115123125783e-17,1.1886874067128338e-16,7.287725561910818e-09,2.8599640061494654e-08,1,1
33,train,/home/jzh/PINN/LBM/PINN_Poisson/data/h_exact_base_v2_120/pairs/pre_poisson/3D000000033.bin,/home/jzh/PINN/LBM/PINN_Poisson/data/h_exact_base_v2_120/pairs/post_poisson/3D000000033.bin,/home/jzh/PINN/LBM/PINN_Poisson/data/h_exact_base_v2_120/states/post_poisson/3D000000033.bin,48,96,128,2.7755575615628914e-17,1.1594197482702768e-16,7.42366951245188e-09,2.853051399999142e-08,1,1
34,train,/home/jzh/PINN/LBM/PINN_Poisson/data/h_exact_base_v2_120/pairs/pre_poisson/3D000000034.bin,/home/jzh/PINN/LBM/PINN_Poisson/data/h_exact_base_v2_120/pairs/post_poisson/3D000000034.bin,/home/jzh/PINN/LBM/PINN_Poisson/data/h_exact_base_v2_120/states/post_poisson/3D000000034.bin,48,96,128,2.7755575615628914e-17,1.158857846346428e-16,7.296007825674522e-09,2.798097143701705e-08,1,1
35,train,/home/jzh/PINN/LBM/PINN_Poisson/data/h_exact_base_v2_120/pairs/pre_poisson/3D000000035.bin,/home/jzh/PINN/LBM/PINN_Poisson/data/h_exact_base_v2_120/pairs/post_poisson/3D000000035.bin,/home/jzh/PINN/LBM/PINN_Poisson/data/h_exact_base_v2_120/states/post_poisson/3D000000035.bin,48,96,128,5.551115123125783e-17,1.1481318121192864e-16,7.07468003624534e-09,2.78574195524164e-08,1,1
36,train,/home/jzh/PINN/LBM/PINN_Poisson/data/h_exact_base_v2_120/pairs/pre_poisson/3D000000036.bin,/home/jzh/PINN/LBM/PINN_Poisson/data/h_exact_base_v2_120/pairs/post_poisson/3D000000036.bin,/home/jzh/PINN/LBM/PINN_Poisson/data/h_exact_base_v2_120/states/post_poisson/3D000000036.bin,48,96,128,5.551115123125783e-17,1.1390992010624275e-16,7.2525180860871785e-09,2.7570172167283045e-08,1,1
37,train,/home/jzh/PINN/LBM/PINN_Poisson/data/h_exact_base_v2_120/pairs/pre_poisson/3D000000037.bin,/home/jzh/PINN/LBM/PINN_Poisson/data/h_exact_base_v2_120/pairs/post_poisson/3D000000037.bin,/home/jzh/PINN/LBM/PINN_Poisson/data/h_exact_base_v2_120/states/post_poisson/3D000000037.bin,48,96,128,5.551115123125783e-17,1.1265701057456764e-16,7.285134023815587e-09,2.7019648535129512e-08,1,1
38,train,/home/jzh/PINN/LBM/PINN_Poisson/data/h_exact_base_v2_120/pairs/pre_poisson/3D000000038.bin,/home/jzh/PINN/LBM/PINN_Poisson/data/h_exact_base_v2_120/pairs/post_poisson/3D000000038.bin,/home/jzh/PINN/LBM/PINN_Poisson/data/h_exact_base_v2_120/states/post_poisson/3D000000038.bin,48,96,128,5.551115123125783e-17,1.1522365940656053e-16,7.171775007197567e-09,2.655003964355024e-08,1,1
39,train,/home/jzh/PINN/LBM/PINN_Poisson/data/h_exact_base_v2_120/pairs/pre_poisson/3D000000039.bin,/home/jzh/PINN/LBM/PINN_Poisson/data/h_exact_base_v2_120/pairs/post_poisson/3D000000039.bin,/home/jzh/PINN/LBM/PINN_Poisson/data/h_exact_base_v2_120/states/post_poisson/3D000000039.bin,48,96,128,5.551115123125783e-17,1.147170775770047e-16,7.0285091913202535e-09,2.5859305029957128e-08,1,1
40,train,/home/jzh/PINN/LBM/PINN_Poisson/data/h_exact_base_v2_120/pairs/pre_poisson/3D000000040.bin,/home/jzh/PINN/LBM/PINN_Poisson/data/h_exact_base_v2_120/pairs/post_poisson/3D000000040.bin,/home/jzh/PINN/LBM/PINN_Poisson/data/h_exact_base_v2_120/states/post_poisson/3D000000040.bin,48,96,128,5.551115123125783e-17,1.1383360421015424e-16,7.080982217244625e-09,2.568170091668274e-08,1,1
41,train,/home/jzh/PINN/LBM/PINN_Poisson/data/h_exact_base_v2_120/pairs/pre_poisson/3D000000041.bin,/home/jzh/PINN/LBM/PINN_Poisson/data/h_exact_base_v2_120/pairs/post_poisson/3D000000041.bin,/home/jzh/PINN/LBM/PINN_Poisson/data/h_exact_base_v2_120/states/post_poisson/3D000000041.bin,48,96,128,2.7755575615628914e-17,1.1247843123469875e-16,7.3646552189998715e-09,2.5197569118107372e-08,1,1
42,train,/home/jzh/PINN/LBM/PINN_Poisson/data/h_exact_base_v2_120/pairs/pre_poisson/3D000000042.bin,/home/jzh/PINN/LBM/PINN_Poisson/data/h_exact_base_v2_120/pairs/post_poisson/3D000000042.bin,/home/jzh/PINN/LBM/PINN_Poisson/data/h_exact_base_v2_120/states/post_poisson/3D000000042.bin,48,96,128,5.551115123125783e-17,1.1130182715557926e-16,7.324560291621651e-09,2.4971735030573262e-08,1,1
43,train,/home/jzh/PINN/LBM/PINN_Poisson/data/h_exact_base_v2_120/pairs/pre_poisson/3D000000043.bin,/home/jzh/PINN/LBM/PINN_Poisson/data/h_exact_base_v2_120/pairs/post_poisson/3D000000043.bin,/home/jzh/PINN/LBM/PINN_Poisson/data/h_exact_base_v2_120/states/post_poisson/3D000000043.bin,48,96,128,5.551115123125783e-17,1.1069673742644157e-16,7.2992498156843055e-09,2.4536371968623003e-08,1,1
44,train,/home/jzh/PINN/LBM/PINN_Poisson/data/h_exact_base_v2_120/pairs/pre_poisson/3D000000044.bin,/home/jzh/PINN/LBM/PINN_Poisson/data/h_exact_base_v2_120/pairs/post_poisson/3D000000044.bin,/home/jzh/PINN/LBM/PINN_Poisson/data/h_exact_base_v2_120/states/post_poisson/3D000000044.bin,48,96,128,2.7755575615628914e-17,1.0912853134359698e-16,7.382043004655614e-09,2.4473631803144934e-08,1,1
45,train,/home/jzh/PINN/LBM/PINN_Poisson/data/h_exact_base_v2_120/pairs/pre_poisson/3D000000045.bin,/home/jzh/PINN/LBM/PINN_Poisson/data/h_exact_base_v2_120/pairs/post_poisson/3D000000045.bin,/home/jzh/PINN/LBM/PINN_Poisson/data/h_exact_base_v2_120/states/post_poisson/3D000000045.bin,48,96,128,2.7755575615628914e-17,1.0911025822322868e-16,6.672405100660583e-09,2.3975366904134574e-08,1,1
46,train,/home/jzh/PINN/LBM/PINN_Poisson/data/h_exact_base_v2_120/pairs/pre_poisson/3D000000046.bin,/home/jzh/PINN/LBM/PINN_Poisson/data/h_exact_base_v2_120/pairs/post_poisson/3D000000046.bin,/home/jzh/PINN/LBM/PINN_Poisson/data/h_exact_base_v2_120/states/post_poisson/3D000000046.bin,48,96,128,2.7755575615628914e-17,1.0904174392674822e-16,6.887540981992402e-09,2.3566148437364716e-08,1,1
47,train,/home/jzh/PINN/LBM/PINN_Poisson/data/h_exact_base_v2_120/pairs/pre_poisson/3D000000047.bin,/home/jzh/PINN/LBM/PINN_Poisson/data/h_exact_base_v2_120/pairs/post_poisson/3D000000047.bin,/home/jzh/PINN/LBM/PINN_Poisson/data/h_exact_base_v2_120/states/post_poisson/3D000000047.bin,48,96,128,2.7755575615628914e-17,1.0774808775364338e-16,6.184991019342334e-09,2.3479499521844027e-08,1,1
48,train,/home/jzh/PINN/LBM/PINN_Poisson/data/h_exact_base_v2_120/pairs/pre_poisson/3D000000048.bin,/home/jzh/PINN/LBM/PINN_Poisson/data/h_exact_base_v2_120/pairs/post_poisson/3D000000048.bin,/home/jzh/PINN/LBM/PINN_Poisson/data/h_exact_base_v2_120/states/post_poisson/3D000000048.bin,48,96,128,2.7755575615628914e-17,1.0797349936575046e-16,6.974597760445178e-09,2.3340345194451507e-08,1,1
49,train,/home/jzh/PINN/LBM/PINN_Poisson/data/h_exact_base_v2_120/pairs/pre_poisson/3D000000049.bin,/home/jzh/PINN/LBM/PINN_Poisson/data/h_exact_base_v2_120/pairs/post_poisson/3D000000049.bin,/home/jzh/PINN/LBM/PINN_Poisson/data/h_exact_base_v2_120/states/post_poisson/3D000000049.bin,48,96,128,2.7755575615628914e-17,1.1029699332851125e-16,3.7184900714137825e-09,2.313467895107361e-08,1,1
50,train,/home/jzh/PINN/LBM/PINN_Poisson/data/h_exact_base_v2_120/pairs/pre_poisson/3D000000050.bin,/home/jzh/PINN/LBM/PINN_Poisson/data/h_exact_base_v2_120/pairs/post_poisson/3D000000050.bin,/home/jzh/PINN/LBM/PINN_Poisson/data/h_exact_base_v2_120/states/post_poisson/3D000000050.bin,48,96,128,2.7755575615628914e-17,1.0900741006034364e-16,3.7176662442961472e-09,2.280729845254238e-08,1,1
51,train,/home/jzh/PINN/LBM/PINN_Poisson/data/h_exact_base_v2_120/pairs/pre_poisson/3D000000051.bin,/home/jzh/PINN/LBM/PINN_Poisson/data/h_exact_base_v2_120/pairs/post_poisson/3D000000051.bin,/home/jzh/PINN/LBM/PINN_Poisson/data/h_exact_base_v2_120/states/post_poisson/3D000000051.bin,48,96,128,2.7755575615628914e-17,1.0894216593794259e-16,3.7172557254550043e-09,2.2368306159398343e-08,1,1
52,train,/home/jzh/PINN/LBM/PINN_Poisson/data/h_exact_base_v2_120/pairs/pre_poisson/3D000000052.bin,/home/jzh/PINN/LBM/PINN_Poisson/data/h_exact_base_v2_120/pairs/post_poisson/3D000000052.bin,/home/jzh/PINN/LBM/PINN_Poisson/data/h_exact_base_v2_120/states/post_poisson/3D000000052.bin,48,96,128,2.7755575615628914e-17,1.086852657838635e-16,3.7087916626710182e-09,2.221741134554592e-08,1,1
53,train,/home/jzh/PINN/LBM/PINN_Poisson/data/h_exact_base_v2_120/pairs/pre_poisson/3D000000053.bin,/home/jzh/PINN/LBM/PINN_Poisson/data/h_exact_base_v2_120/pairs/post_poisson/3D000000053.bin,/home/jzh/PINN/LBM/PINN_Poisson/data/h_exact_base_v2_120/states/post_poisson/3D000000053.bin,48,96,128,2.7755575615628914e-17,1.0709372908191498e-16,3.723121741461277e-09,2.2172021941806903e-08,1,1
54,train,/home/jzh/PINN/LBM/PINN_Poisson/data/h_exact_base_v2_120/pairs/pre_poisson/3D000000054.bin,/home/jzh/PINN/LBM/PINN_Poisson/data/h_exact_base_v2_120/pairs/post_poisson/3D000000054.bin,/home/jzh/PINN/LBM/PINN_Poisson/data/h_exact_base_v2_120/states/post_poisson/3D000000054.bin,48,96,128,2.7755575615628914e-17,1.0688770184024049e-16,3.7190461127378782e-09,2.1878502156298755e-08,1,1
55,train,/home/jzh/PINN/LBM/PINN_Poisson/data/h_exact_base_v2_120/pairs/pre_poisson/3D000000055.bin,/home/jzh/PINN/LBM/PINN_Poisson/data/h_exact_base_v2_120/pairs/post_poisson/3D000000055.bin,/home/jzh/PINN/LBM/PINN_Poisson/data/h_exact_base_v2_120/states/post_poisson/3D000000055.bin,48,96,128,2.7755575615628914e-17,1.0577059351758735e-16,3.7233996025287652e-09,2.170281021508305e-08,1,1
56,train,/home/jzh/PINN/LBM/PINN_Poisson/data/h_exact_base_v2_120/pairs/pre_poisson/3D000000056.bin,/home/jzh/PINN/LBM/PINN_Poisson/data/h_exact_base_v2_120/pairs/post_poisson/3D000000056.bin,/home/jzh/PINN/LBM/PINN_Poisson/data/h_exact_base_v2_120/states/post_poisson/3D000000056.bin,48,96,128,2.7755575615628914e-17,1.0490978559058044e-16,3.7224803378643756e-09,2.1417782123633277e-08,1,1
57,train,/home/jzh/PINN/LBM/PINN_Poisson/data/h_exact_base_v2_120/pairs/pre_poisson/3D000000057.bin,/home/jzh/PINN/LBM/PINN_Poisson/data/h_exact_base_v2_120/pairs/post_poisson/3D000000057.bin,/home/jzh/PINN/LBM/PINN_Poisson/data/h_exact_base_v2_120/states/post_poisson/3D000000057.bin,48,96,128,2.7755575615628914e-17,1.0374832186327463e-16,3.7100860716954287e-09,2.1269096896332658e-08,1,1
58,train,/home/jzh/PINN/LBM/PINN_Poisson/data/h_exact_base_v2_120/pairs/pre_poisson/3D000000058.bin,/home/jzh/PINN/LBM/PINN_Poisson/data/h_exact_base_v2_120/pairs/post_poisson/3D000000058.bin,/home/jzh/PINN/LBM/PINN_Poisson/data/h_exact_base_v2_120/states/post_poisson/3D000000058.bin,48,96,128,2.7755575615628914e-17,1.0313270741034999e-16,3.686088101417795e-09,2.1152504883975348e-08,1,1
59,train,/home/jzh/PINN/LBM/PINN_Poisson/data/h_exact_base_v2_120/pairs/pre_poisson/3D000000059.bin,/home/jzh/PINN/LBM/PINN_Poisson/data/h_exact_base_v2_120/pairs/post_poisson/3D000000059.bin,/home/jzh/PINN/LBM/PINN_Poisson/data/h_exact_base_v2_120/states/post_poisson/3D000000059.bin,48,96,128,2.7755575615628914e-17,1.0260012407658797e-16,3.7245295181342897e-09,2.0883467915729254e-08,1,1
60,train,/home/jzh/PINN/LBM/PINN_Poisson/data/h_exact_base_v2_120/pairs/pre_poisson/3D000000060.bin,/home/jzh/PINN/LBM/PINN_Poisson/data/h_exact_base_v2_120/pairs/post_poisson/3D000000060.bin,/home/jzh/PINN/LBM/PINN_Poisson/data/h_exact_base_v2_120/states/post_poisson/3D000000060.bin,48,96,128,2.7755575615628914e-17,1.0131952125033295e-16,3.7043230427524776e-09,2.0778139178443273e-08,1,1
61,train,/home/jzh/PINN/LBM/PINN_Poisson/data/h_exact_base_v2_120/pairs/pre_poisson/3D000000061.bin,/home/jzh/PINN/LBM/PINN_Poisson/data/h_exact_base_v2_120/pairs/post_poisson/3D000000061.bin,/home/jzh/PINN/LBM/PINN_Poisson/data/h_exact_base_v2_120/states/post_poisson/3D000000061.bin,48,96,128,2.7755575615628914e-17,1.011938557297321e-16,3.722678873496754e-09,2.067840875736112e-08,1,1
62,train,/home/jzh/PINN/LBM/PINN_Poisson/data/h_exact_base_v2_120/pairs/pre_poisson/3D000000062.bin,/home/jzh/PINN/LBM/PINN_Poisson/data/h_exact_base_v2_120/pairs/post_poisson/3D000000062.bin,/home/jzh/PINN/LBM/PINN_Poisson/data/h_exact_base_v2_120/states/post_poisson/3D000000062.bin,48,96,128,2.7755575615628914e-17,1.0072355156961431e-16,3.70137336058729e-09,2.0554329975248495e-08,1,1
63,train,/home/jzh/PINN/LBM/PINN_Poisson/data/h_exact_base_v2_120/pairs/pre_poisson/3D000000063.bin,/home/jzh/PINN/LBM/PINN_Poisson/data/h_exact_base_v2_120/pairs/post_poisson/3D000000063.bin,/home/jzh/PINN/LBM/PINN_Poisson/data/h_exact_base_v2_120/states/post_poisson/3D000000063.bin,48,96,128,2.7755575615628914e-17,9.917253728508512e-17,3.72232217271673e-09,2.0370540944184e-08,1,1
64,train,/home/jzh/PINN/LBM/PINN_Poisson/data/h_exact_base_v2_120/pairs/pre_poisson/3D000000064.bin,/home/jzh/PINN/LBM/PINN_Poisson/data/h_exact_base_v2_120/pairs/post_poisson/3D000000064.bin,/home/jzh/PINN/LBM/PINN_Poisson/data/h_exact_base_v2_120/states/post_poisson/3D000000064.bin,48,96,128,2.7755575615628914e-17,1.0090804365751155e-16,3.6927029489763896e-09,2.0171091161743213e-08,1,1
65,train,/home/jzh/PINN/LBM/PINN_Poisson/data/h_exact_base_v2_120/pairs/pre_poisson/3D000000065.bin,/home/jzh/PINN/LBM/PINN_Poisson/data/h_exact_base_v2_120/pairs/post_poisson/3D000000065.bin,/home/jzh/PINN/LBM/PINN_Poisson/data/h_exact_base_v2_120/states/post_poisson/3D000000065.bin,48,96,128,2.7755575615628914e-17,1.0095515029084268e-16,3.724649436098737e-09,2.000863067269716e-08,1,1
66,train,/home/jzh/PINN/LBM/PINN_Poisson/data/h_exact_base_v2_120/pairs/pre_poisson/3D000000066.bin,/home/jzh/PINN/LBM/PINN_Poisson/data/h_exact_base_v2_120/pairs/post_poisson/3D000000066.bin,/home/jzh/PINN/LBM/PINN_Poisson/data/h_exact_base_v2_120/states/post_poisson/3D000000066.bin,48,96,128,2.7755575615628914e-17,1.0029969788456026e-16,3.7083124487802266e-09,1.9758684010562845e-08,1,1
67,train,/home/jzh/PINN/LBM/PINN_Poisson/data/h_exact_base_v2_120/pairs/pre_poisson/3D000000067.bin,/home/jzh/PINN/LBM/PINN_Poisson/data/h_exact_base_v2_120/pairs/post_poisson/3D000000067.bin,/home/jzh/PINN/LBM/PINN_Poisson/data/h_exact_base_v2_120/states/post_poisson/3D000000067.bin,48,96,128,2.7755575615628914e-17,9.982753679217367e-17,3.724507466329463e-09,1.9682142245256844e-08,1,1
68,train,/home/jzh/PINN/LBM/PINN_Poisson/data/h_exact_base_v2_120/pairs/pre_poisson/3D000000068.bin,/home/jzh/PINN/LBM/PINN_Poisson/data/h_exact_base_v2_120/pairs/post_poisson/3D000000068.bin,/home/jzh/PINN/LBM/PINN_Poisson/data/h_exact_base_v2_120/states/post_poisson/3D000000068.bin,48,96,128,2.7755575615628914e-17,9.883227089061548e-17,3.714724763903554e-09,1.951874372754768e-08,1,1
69,train,/home/jzh/PINN/LBM/PINN_Poisson/data/h_exact_base_v2_120/pairs/pre_poisson/3D000000069.bin,/home/jzh/PINN/LBM/PINN_Poisson/data/h_exact_base_v2_120/pairs/post_poisson/3D000000069.bin,/home/jzh/PINN/LBM/PINN_Poisson/data/h_exact_base_v2_120/states/post_poisson/3D000000069.bin,48,96,128,2.7755575615628914e-17,9.81965159180573e-17,3.6623788585155026e-09,1.9406553985459455e-08,1,1
70,train,/home/jzh/PINN/LBM/PINN_Poisson/data/h_exact_base_v2_120/pairs/pre_poisson/3D000000070.bin,/home/jzh/PINN/LBM/PINN_Poisson/data/h_exact_base_v2_120/pairs/post_poisson/3D000000070.bin,/home/jzh/PINN/LBM/PINN_Poisson/data/h_exact_base_v2_120/states/post_poisson/3D000000070.bin,48,96,128,2.7755575615628914e-17,9.734841198877805e-17,3.718673313723997e-09,1.927263638520257e-08,1,1
71,train,/home/jzh/PINN/LBM/PINN_Poisson/data/h_exact_base_v2_120/pairs/pre_poisson/3D000000071.bin,/home/jzh/PINN/LBM/PINN_Poisson/data/h_exact_base_v2_120/pairs/post_poisson/3D000000071.bin,/home/jzh/PINN/LBM/PINN_Poisson/data/h_exact_base_v2_120/states/post_poisson/3D000000071.bin,48,96,128,2.7755575615628914e-17,9.628372058959493e-17,3.7216832254882704e-09,1.9296921444320316e-08,1,1
72,train,/home/jzh/PINN/LBM/PINN_Poisson/data/h_exact_base_v2_120/pairs/pre_poisson/3D000000072.bin,/home/jzh/PINN/LBM/PINN_Poisson/data/h_exact_base_v2_120/pairs/post_poisson/3D000000072.bin,/home/jzh/PINN/LBM/PINN_Poisson/data/h_exact_base_v2_120/states/post_poisson/3D000000072.bin,48,96,128,2.7755575615628914e-17,9.607396854741071e-17,3.7225692528508603e-09,1.937923499101868e-08,1,1
73,train,/home/jzh/PINN/LBM/PINN_Poisson/data/h_exact_base_v2_120/pairs/pre_poisson/3D000000073.bin,/home/jzh/PINN/LBM/PINN_Poisson/data/h_exact_base_v2_120/pairs/post_poisson/3D000000073.bin,/home/jzh/PINN/LBM/PINN_Poisson/data/h_exact_base_v2_120/states/post_poisson/3D000000073.bin,48,96,128,2.7755575615628914e-17,9.687130071924282e-17,3.7028092259028256e-09,2.0752640185543717e-08,1,1
74,train,/home/jzh/PINN/LBM/PINN_Poisson/data/h_exact_base_v2_120/pairs/pre_poisson/3D000000074.bin,/home/jzh/PINN/LBM/PINN_Poisson/data/h_exact_base_v2_120/pairs/post_poisson/3D000000074.bin,/home/jzh/PINN/LBM/PINN_Poisson/data/h_exact_base_v2_120/states/post_poisson/3D000000074.bin,48,96,128,2.7755575615628914e-17,1.087875190162997e-16,3.711373125492301e-09,3.0117074952959163e-08,1,1
75,train,/home/jzh/PINN/LBM/PINN_Poisson/data/h_exact_base_v2_120/pairs/pre_poisson/3D000000075.bin,/home/jzh/PINN/LBM/PINN_Poisson/data/h_exact_base_v2_120/pairs/post_poisson/3D000000075.bin,/home/jzh/PINN/LBM/PINN_Poisson/data/h_exact_base_v2_120/states/post_poisson/3D000000075.bin,48,96,128,2.7755575615628914e-17,1.1033350162706515e-16,3.7015433773657236e-09,3.168858268098273e-08,1,1
76,train,/home/jzh/PINN/LBM/PINN_Poisson/data/h_exact_base_v2_120/pairs/pre_poisson/3D000000076.bin,/home/jzh/PINN/LBM/PINN_Poisson/data/h_exact_base_v2_120/pairs/post_poisson/3D000000076.bin,/home/jzh/PINN/LBM/PINN_Poisson/data/h_exact_base_v2_120/states/post_poisson/3D000000076.bin,48,96,128,2.7755575615628914e-17,1.1105077174985529e-16,3.7234093863691697e-09,3.214556949877148e-08,1,1
77,train,/home/jzh/PINN/LBM/PINN_Poisson/data/h_exact_base_v2_120/pairs/pre_poisson/3D000000077.bin,/home/jzh/PINN/LBM/PINN_Poisson/data/h_exact_base_v2_120/pairs/post_poisson/3D000000077.bin,/home/jzh/PINN/LBM/PINN_Poisson/data/h_exact_base_v2_120/states/post_poisson/3D000000077.bin,48,96,128,2.7755575615628914e-17,1.1108574592637686e-16,3.6547032622458175e-09,3.230082328403274e-08,1,1
78,train,/home/jzh/PINN/LBM/PINN_Poisson/data/h_exact_base_v2_120/pairs/pre_poisson/3D000000078.bin,/home/jzh/PINN/LBM/PINN_Poisson/data/h_exact_base_v2_120/pairs/post_poisson/3D000000078.bin,/home/jzh/PINN/LBM/PINN_Poisson/data/h_exact_base_v2_120/states/post_poisson/3D000000078.bin,48,96,128,2.7755575615628914e-17,1.112169652544757e-16,3.6816225068569963e-09,3.2290217675393857e-08,1,1
79,train,/home/jzh/PINN/LBM/PINN_Poisson/data/h_exact_base_v2_120/pairs/pre_poisson/3D000000079.bin,/home/jzh/PINN/LBM/PINN_Poisson/data/h_exact_base_v2_120/pairs/post_poisson/3D000000079.bin,/home/jzh/PINN/LBM/PINN_Poisson/data/h_exact_base_v2_120/states/post_poisson/3D000000079.bin,48,96,128,2.7755575615628914e-17,1.1112244244230873e-16,3.622066882535968e-09,3.231084100945404e-08,1,1
80,train,/home/jzh/PINN/LBM/PINN_Poisson/data/h_exact_base_v2_120/pairs/pre_poisson/3D000000080.bin,/home/jzh/PINN/LBM/PINN_Poisson/data/h_exact_base_v2_120/pairs/post_poisson/3D000000080.bin,/home/jzh/PINN/LBM/PINN_Poisson/data/h_exact_base_v2_120/states/post_poisson/3D000000080.bin,48,96,128,2.7755575615628914e-17,1.1083165329389764e-16,3.7173397415823928e-09,3.2187544261810556e-08,1,1
81,val,/home/jzh/PINN/LBM/PINN_Poisson/data/h_exact_base_v2_120/pairs/pre_poisson/3D000000081.bin,/home/jzh/PINN/LBM/PINN_Poisson/data/h_exact_base_v2_120/pairs/post_poisson/3D000000081.bin,/home/jzh/PINN/LBM/PINN_Poisson/data/h_exact_base_v2_120/states/post_poisson/3D000000081.bin,48,96,128,2.7755575615628914e-17,1.108263814512637e-16,3.7203742586644495e-09,3.226318289306704e-08,1,1
82,val,/home/jzh/PINN/LBM/PINN_Poisson/data/h_exact_base_v2_120/pairs/pre_poisson/3D000000082.bin,/home/jzh/PINN/LBM/PINN_Poisson/data/h_exact_base_v2_120/pairs/post_poisson/3D000000082.bin,/home/jzh/PINN/LBM/PINN_Poisson/data/h_exact_base_v2_120/states/post_poisson/3D000000082.bin,48,96,128,2.7755575615628914e-17,1.1080905129749524e-16,3.6927441382506032e-09,3.2223256128797976e-08,1,1
83,val,/home/jzh/PINN/LBM/PINN_Poisson/data/h_exact_base_v2_120/pairs/pre_poisson/3D000000083.bin,/home/jzh/PINN/LBM/PINN_Poisson/data/h_exact_base_v2_120/pairs/post_poisson/3D000000083.bin,/home/jzh/PINN/LBM/PINN_Poisson/data/h_exact_base_v2_120/states/post_poisson/3D000000083.bin,48,96,128,2.7755575615628914e-17,1.1080672042666009e-16,3.6741221592917483e-09,3.225093296724869e-08,1,1
84,val,/home/jzh/PINN/LBM/PINN_Poisson/data/h_exact_base_v2_120/pairs/pre_poisson/3D000000084.bin,/home/jzh/PINN/LBM/PINN_Poisson/data/h_exact_base_v2_120/pairs/post_poisson/3D000000084.bin,/home/jzh/PINN/LBM/PINN_Poisson/data/h_exact_base_v2_120/states/post_poisson/3D000000084.bin,48,96,128,2.7755575615628914e-17,1.1090606606816296e-16,3.713830312723765e-09,3.2055567199714994e-08,1,1
85,val,/home/jzh/PINN/LBM/PINN_Poisson/data/h_exact_base_v2_120/pairs/pre_poisson/3D000000085.bin,/home/jzh/PINN/LBM/PINN_Poisson/data/h_exact_base_v2_120/pairs/post_poisson/3D000000085.bin,/home/jzh/PINN/LBM/PINN_Poisson/data/h_exact_base_v2_120/states/post_poisson/3D000000085.bin,48,96,128,2.7755575615628914e-17,1.1071861096691118e-16,3.6912165823910215e-09,3.214098351822636e-08,1,1
86,val,/home/jzh/PINN/LBM/PINN_Poisson/data/h_exact_base_v2_120/pairs/pre_poisson/3D000000086.bin,/home/jzh/PINN/LBM/PINN_Poisson/data/h_exact_base_v2_120/pairs/post_poisson/3D000000086.bin,/home/jzh/PINN/LBM/PINN_Poisson/data/h_exact_base_v2_120/states/post_poisson/3D000000086.bin,48,96,128,2.7755575615628914e-17,1.1100340965090904e-16,3.720713251387231e-09,3.207544962730352e-08,1,1
87,val,/home/jzh/PINN/LBM/PINN_Poisson/data/h_exact_base_v2_120/pairs/pre_poisson/3D000000087.bin,/home/jzh/PINN/LBM/PINN_Poisson/data/h_exact_base_v2_120/pairs/post_poisson/3D000000087.bin,/home/jzh/PINN/LBM/PINN_Poisson/data/h_exact_base_v2_120/states/post_poisson/3D000000087.bin,48,96,128,2.7755575615628914e-17,1.1049011639832754e-16,3.71429829948422e-09,3.2029236229528324e-08,1,1
88,val,/home/jzh/PINN/LBM/PINN_Poisson/data/h_exact_base_v2_120/pairs/pre_poisson/3D000000088.bin,/home/jzh/PINN/LBM/PINN_Poisson/data/h_exact_base_v2_120/pairs/post_poisson/3D000000088.bin,/home/jzh/PINN/LBM/PINN_Poisson/data/h_exact_base_v2_120/states/post_poisson/3D000000088.bin,48,96,128,2.7755575615628914e-17,1.106456327767262e-16,3.6264711650302317e-09,3.210550723975917e-08,1,1
89,val,/home/jzh/PINN/LBM/PINN_Poisson/data/h_exact_base_v2_120/pairs/pre_poisson/3D000000089.bin,/home/jzh/PINN/LBM/PINN_Poisson/data/h_exact_base_v2_120/pairs/post_poisson/3D000000089.bin,/home/jzh/PINN/LBM/PINN_Poisson/data/h_exact_base_v2_120/states/post_poisson/3D000000089.bin,48,96,128,2.7755575615628914e-17,1.1059641909747715e-16,3.700105555282107e-09,3.213133625577479e-08,1,1
90,val,/home/jzh/PINN/LBM/PINN_Poisson/data/h_exact_base_v2_120/pairs/pre_poisson/3D000000090.bin,/home/jzh/PINN/LBM/PINN_Poisson/data/h_exact_base_v2_120/pairs/post_poisson/3D000000090.bin,/home/jzh/PINN/LBM/PINN_Poisson/data/h_exact_base_v2_120/states/post_poisson/3D000000090.bin,48,96,128,2.7755575615628914e-17,1.1025835613499555e-16,3.6941055631123376e-09,3.216165114702388e-08,1,1
91,val,/home/jzh/PINN/LBM/PINN_Poisson/data/h_exact_base_v2_120/pairs/pre_poisson/3D000000091.bin,/home/jzh/PINN/LBM/PINN_Poisson/data/h_exact_base_v2_120/pairs/post_poisson/3D000000091.bin,/home/jzh/PINN/LBM/PINN_Poisson/data/h_exact_base_v2_120/states/post_poisson/3D000000091.bin,48,96,128,2.7755575615628914e-17,1.1064349920036897e-16,3.705514617369232e-09,3.214060641999839e-08,1,1
92,val,/home/jzh/PINN/LBM/PINN_Poisson/data/h_exact_base_v2_120/pairs/pre_poisson/3D000000092.bin,/home/jzh/PINN/LBM/PINN_Poisson/data/h_exact_base_v2_120/pairs/post_poisson/3D000000092.bin,/home/jzh/PINN/LBM/PINN_Poisson/data/h_exact_base_v2_120/states/post_poisson/3D000000092.bin,48,96,128,2.7755575615628914e-17,1.102663508859037e-16,3.7030639249424624e-09,3.218573229696873e-08,1,1
93,val,/home/jzh/PINN/LBM/PINN_Poisson/data/h_exact_base_v2_120/pairs/pre_poisson/3D000000093.bin,/home/jzh/PINN/LBM/PINN_Poisson/data/h_exact_base_v2_120/pairs/post_poisson/3D000000093.bin,/home/jzh/PINN/LBM/PINN_Poisson/data/h_exact_base_v2_120/states/post_poisson/3D000000093.bin,48,96,128,1.3877787807814457e-17,1.1009961097420699e-16,3.714557897382953e-09,3.2122150117468133e-08,1,1
94,val,/home/jzh/PINN/LBM/PINN_Poisson/data/h_exact_base_v2_120/pairs/pre_poisson/3D000000094.bin,/home/jzh/PINN/LBM/PINN_Poisson/data/h_exact_base_v2_120/pairs/post_poisson/3D000000094.bin,/home/jzh/PINN/LBM/PINN_Poisson/data/h_exact_base_v2_120/states/post_poisson/3D000000094.bin,48,96,128,2.7755575615628914e-17,1.1021607194837386e-16,3.7204789110623082e-09,3.206213936823336e-08,1,1
95,val,/home/jzh/PINN/LBM/PINN_Poisson/data/h_exact_base_v2_120/pairs/pre_poisson/3D000000095.bin,/home/jzh/PINN/LBM/PINN_Poisson/data/h_exact_base_v2_120/pairs/post_poisson/3D000000095.bin,/home/jzh/PINN/LBM/PINN_Poisson/data/h_exact_base_v2_120/states/post_poisson/3D000000095.bin,48,96,128,2.7755575615628914e-17,1.1042201600804362e-16,3.646197926920891e-09,3.211678580816677e-08,1,1
96,val,/home/jzh/PINN/LBM/PINN_Poisson/data/h_exact_base_v2_120/pairs/pre_poisson/3D000000096.bin,/home/jzh/PINN/LBM/PINN_Poisson/data/h_exact_base_v2_120/pairs/post_poisson/3D000000096.bin,/home/jzh/PINN/LBM/PINN_Poisson/data/h_exact_base_v2_120/states/post_poisson/3D000000096.bin,48,96,128,2.7755575615628914e-17,1.102399757433775e-16,3.687991911860422e-09,3.205923475054767e-08,1,1
97,val,/home/jzh/PINN/LBM/PINN_Poisson/data/h_exact_base_v2_120/pairs/pre_poisson/3D000000097.bin,/home/jzh/PINN/LBM/PINN_Poisson/data/h_exact_base_v2_120/pairs/post_poisson/3D000000097.bin,/home/jzh/PINN/LBM/PINN_Poisson/data/h_exact_base_v2_120/states/post_poisson/3D000000097.bin,48,96,128,1.3877787807814457e-17,1.1014489038361959e-16,3.713212390343834e-09,3.2063562055424166e-08,1,1
98,val,/home/jzh/PINN/LBM/PINN_Poisson/data/h_exact_base_v2_120/pairs/pre_poisson/3D000000098.bin,/home/jzh/PINN/LBM/PINN_Poisson/data/h_exact_base_v2_120/pairs/post_poisson/3D000000098.bin,/home/jzh/PINN/LBM/PINN_Poisson/data/h_exact_base_v2_120/states/post_poisson/3D000000098.bin,48,96,128,2.7755575615628914e-17,1.1009814100889591e-16,3.6829223698520153e-09,3.2047312509950716e-08,1,1
99,val,/home/jzh/PINN/LBM/PINN_Poisson/data/h_exact_base_v2_120/pairs/pre_poisson/3D000000099.bin,/home/jzh/PINN/LBM/PINN_Poisson/data/h_exact_base_v2_120/pairs/post_poisson/3D000000099.bin,/home/jzh/PINN/LBM/PINN_Poisson/data/h_exact_base_v2_120/states/post_poisson/3D000000099.bin,48,96,128,2.7755575615628914e-17,1.1007001329534259e-16,3.6943843817471844e-09,3.203436293596997e-08,1,1
100,val,/home/jzh/PINN/LBM/PINN_Poisson/data/h_exact_base_v2_120/pairs/pre_poisson/3D000000100.bin,/home/jzh/PINN/LBM/PINN_Poisson/data/h_exact_base_v2_120/pairs/post_poisson/3D000000100.bin,/home/jzh/PINN/LBM/PINN_Poisson/data/h_exact_base_v2_120/states/post_poisson/3D000000100.bin,48,96,128,2.7755575615628914e-17,1.1016561154392987e-16,3.7151067083796008e-09,3.19873418395865e-08,1,1
101,test,/home/jzh/PINN/LBM/PINN_Poisson/data/h_exact_base_v2_120/pairs/pre_poisson/3D000000101.bin,/home/jzh/PINN/LBM/PINN_Poisson/data/h_exact_base_v2_120/pairs/post_poisson/3D000000101.bin,/home/jzh/PINN/LBM/PINN_Poisson/data/h_exact_base_v2_120/states/post_poisson/3D000000101.bin,48,96,128,2.7755575615628914e-17,1.0993376554069655e-16,3.699151734926076e-09,3.195761325080225e-08,1,1
102,test,/home/jzh/PINN/LBM/PINN_Poisson/data/h_exact_base_v2_120/pairs/pre_poisson/3D000000102.bin,/home/jzh/PINN/LBM/PINN_Poisson/data/h_exact_base_v2_120/pairs/post_poisson/3D000000102.bin,/home/jzh/PINN/LBM/PINN_Poisson/data/h_exact_base_v2_120/states/post_poisson/3D000000102.bin,48,96,128,2.7755575615628914e-17,1.1003009059394355e-16,3.6724826096845575e-09,3.1936878434056175e-08,1,1
103,test,/home/jzh/PINN/LBM/PINN_Poisson/data/h_exact_base_v2_120/pairs/pre_poisson/3D000000103.bin,/home/jzh/PINN/LBM/PINN_Poisson/data/h_exact_base_v2_120/pairs/post_poisson/3D000000103.bin,/home/jzh/PINN/LBM/PINN_Poisson/data/h_exact_base_v2_120/states/post_poisson/3D000000103.bin,48,96,128,2.7755575615628914e-17,1.0981236391350251e-16,3.6756951232730373e-09,3.1937884030499467e-08,1,1
104,test,/home/jzh/PINN/LBM/PINN_Poisson/data/h_exact_base_v2_120/pairs/pre_poisson/3D000000104.bin,/home/jzh/PINN/LBM/PINN_Poisson/data/h_exact_base_v2_120/pairs/post_poisson/3D000000104.bin,/home/jzh/PINN/LBM/PINN_Poisson/data/h_exact_base_v2_120/states/post_poisson/3D000000104.bin,48,96,128,2.7755575615628914e-17,1.0940824979091573e-16,3.665910061623201e-09,3.187928716479933e-08,1,1
105,test,/home/jzh/PINN/LBM/PINN_Poisson/data/h_exact_base_v2_120/pairs/pre_poisson/3D000000105.bin,/home/jzh/PINN/LBM/PINN_Poisson/data/h_exact_base_v2_120/pairs/post_poisson/3D000000105.bin,/home/jzh/PINN/LBM/PINN_Poisson/data/h_exact_base_v2_120/states/post_poisson/3D000000105.bin,48,96,128,2.7755575615628914e-17,1.0972437525521271e-16,3.693134090210215e-09,3.181961976159475e-08,1,1
106,test,/home/jzh/PINN/LBM/PINN_Poisson/data/h_exact_base_v2_120/pairs/pre_poisson/3D000000106.bin,/home/jzh/PINN/LBM/PINN_Poisson/data/h_exact_base_v2_120/pairs/post_poisson/3D000000106.bin,/home/jzh/PINN/LBM/PINN_Poisson/data/h_exact_base_v2_120/states/post_poisson/3D000000106.bin,48,96,128,2.7755575615628914e-17,1.0938620833764262e-16,3.662082623256957e-09,3.185118587882391e-08,1,1
107,test,/home/jzh/PINN/LBM/PINN_Poisson/data/h_exact_base_v2_120/pairs/pre_poisson/3D000000107.bin,/home/jzh/PINN/LBM/PINN_Poisson/data/h_exact_base_v2_120/pairs/post_poisson/3D000000107.bin,/home/jzh/PINN/LBM/PINN_Poisson/data/h_exact_base_v2_120/states/post_poisson/3D000000107.bin,48,96,128,2.7755575615628914e-17,1.0961624625814363e-16,3.6994547009117085e-09,3.1848999996938224e-08,1,1
108,test,/home/jzh/PINN/LBM/PINN_Poisson/data/h_exact_base_v2_120/pairs/pre_poisson/3D000000108.bin,/home/jzh/PINN/LBM/PINN_Poisson/data/h_exact_base_v2_120/pairs/post_poisson/3D000000108.bin,/home/jzh/PINN/LBM/PINN_Poisson/data/h_exact_base_v2_120/states/post_poisson/3D000000108.bin,48,96,128,2.7755575615628914e-17,1.092205745739616e-16,3.69207571460084e-09,3.181548487285872e-08,1,1
109,test,/home/jzh/PINN/LBM/PINN_Poisson/data/h_exact_base_v2_120/pairs/pre_poisson/3D000000109.bin,/home/jzh/PINN/LBM/PINN_Poisson/data/h_exact_base_v2_120/pairs/post_poisson/3D000000109.bin,/home/jzh/PINN/LBM/PINN_Poisson/data/h_exact_base_v2_120/states/post_poisson/3D000000109.bin,48,96,128,2.7755575615628914e-17,1.0918250646157321e-16,3.7130904878557303e-09,3.178886163949601e-08,1,1
110,test,/home/jzh/PINN/LBM/PINN_Poisson/data/h_exact_base_v2_120/pairs/pre_poisson/3D000000110.bin,/home/jzh/PINN/LBM/PINN_Poisson/data/h_exact_base_v2_120/pairs/post_poisson/3D000000110.bin,/home/jzh/PINN/LBM/PINN_Poisson/data/h_exact_base_v2_120/states/post_poisson/3D000000110.bin,48,96,128,2.7755575615628914e-17,1.0929637146109037e-16,3.7201671604369935e-09,3.175345171573846e-08,1,1
111,test,/home/jzh/PINN/LBM/PINN_Poisson/data/h_exact_base_v2_120/pairs/pre_poisson/3D000000111.bin,/home/jzh/PINN/LBM/PINN_Poisson/data/h_exact_base_v2_120/pairs/post_poisson/3D000000111.bin,/home/jzh/PINN/LBM/PINN_Poisson/data/h_exact_base_v2_120/states/post_poisson/3D000000111.bin,48,96,128,2.7755575615628914e-17,1.0924917619928773e-16,3.712484791806858e-09,3.174785398554547e-08,1,1
112,test,/home/jzh/PINN/LBM/PINN_Poisson/data/h_exact_base_v2_120/pairs/pre_poisson/3D000000112.bin,/home/jzh/PINN/LBM/PINN_Poisson/data/h_exact_base_v2_120/pairs/post_poisson/3D000000112.bin,/home/jzh/PINN/LBM/PINN_Poisson/data/h_exact_base_v2_120/states/post_poisson/3D000000112.bin,48,96,128,2.7755575615628914e-17,1.090732746498732e-16,3.7044593642621138e-09,3.1819590127370096e-08,1,1
113,test,/home/jzh/PINN/LBM/PINN_Poisson/data/h_exact_base_v2_120/pairs/pre_poisson/3D000000113.bin,/home/jzh/PINN/LBM/PINN_Poisson/data/h_exact_base_v2_120/pairs/post_poisson/3D000000113.bin,/home/jzh/PINN/LBM/PINN_Poisson/data/h_exact_base_v2_120/states/post_poisson/3D000000113.bin,48,96,128,2.7755575615628914e-17,1.0924865306814084e-16,3.576959312079353e-09,3.182276669853088e-08,1,1
114,test,/home/jzh/PINN/LBM/PINN_Poisson/data/h_exact_base_v2_120/pairs/pre_poisson/3D000000114.bin,/home/jzh/PINN/LBM/PINN_Poisson/data/h_exact_base_v2_120/pairs/post_poisson/3D000000114.bin,/home/jzh/PINN/LBM/PINN_Poisson/data/h_exact_base_v2_120/states/post_poisson/3D000000114.bin,48,96,128,2.7755575615628914e-17,1.0902832925565479e-16,3.6471593800602164e-09,3.173099432573311e-08,1,1
115,test,/home/jzh/PINN/LBM/PINN_Poisson/data/h_exact_base_v2_120/pairs/pre_poisson/3D000000115.bin,/home/jzh/PINN/LBM/PINN_Poisson/data/h_exact_base_v2_120/pairs/post_poisson/3D000000115.bin,/home/jzh/PINN/LBM/PINN_Poisson/data/h_exact_base_v2_120/states/post_poisson/3D000000115.bin,48,96,128,2.7755575615628914e-17,1.088911725342968e-16,3.623384425832654e-09,3.174434858529733e-08,1,1
116,test,/home/jzh/PINN/LBM/PINN_Poisson/data/h_exact_base_v2_120/pairs/pre_poisson/3D000000116.bin,/home/jzh/PINN/LBM/PINN_Poisson/data/h_exact_base_v2_120/pairs/post_poisson/3D000000116.bin,/home/jzh/PINN/LBM/PINN_Poisson/data/h_exact_base_v2_120/states/post_poisson/3D000000116.bin,48,96,128,2.7755575615628914e-17,1.0927410582836308e-16,3.5815302112940373e-09,3.168862556275618e-08,1,1
117,test,/home/jzh/PINN/LBM/PINN_Poisson/data/h_exact_base_v2_120/pairs/pre_poisson/3D000000117.bin,/home/jzh/PINN/LBM/PINN_Poisson/data/h_exact_base_v2_120/pairs/post_poisson/3D000000117.bin,/home/jzh/PINN/LBM/PINN_Poisson/data/h_exact_base_v2_120/states/post_poisson/3D000000117.bin,48,96,128,2.7755575615628914e-17,1.0900467620928487e-16,3.69381396303492e-09,3.1708349092460744e-08,1,1
118,test,/home/jzh/PINN/LBM/PINN_Poisson/data/h_exact_base_v2_120/pairs/pre_poisson/3D000000118.bin,/home/jzh/PINN/LBM/PINN_Poisson/data/h_exact_base_v2_120/pairs/post_poisson/3D000000118.bin,/home/jzh/PINN/LBM/PINN_Poisson/data/h_exact_base_v2_120/states/post_poisson/3D000000118.bin,48,96,128,2.7755575615628914e-17,1.0908701599316698e-16,3.7002876457359335e-09,3.1714165657262546e-08,1,1
119,test,/home/jzh/PINN/LBM/PINN_Poisson/data/h_exact_base_v2_120/pairs/pre_poisson/3D000000119.bin,/home/jzh/PINN/LBM/PINN_Poisson/data/h_exact_base_v2_120/pairs/post_poisson/3D000000119.bin,/home/jzh/PINN/LBM/PINN_Poisson/data/h_exact_base_v2_120/states/post_poisson/3D000000119.bin,48,96,128,2.7755575615628914e-17,1.0867476235384824e-16,3.666698167315019e-09,3.179396925709105e-08,1,1
120,test,/home/jzh/PINN/LBM/PINN_Poisson/data/h_exact_base_v2_120/pairs/pre_poisson/3D000000120.bin,/home/jzh/PINN/LBM/PINN_Poisson/data/h_exact_base_v2_120/pairs/post_poisson/3D000000120.bin,/home/jzh/PINN/LBM/PINN_Poisson/data/h_exact_base_v2_120/states/post_poisson/3D000000120.bin,48,96,128,1.3877787807814457e-17,1.0861580668283403e-16,3.6096449579359202e-09,3.171347811597756e-08,1,1
